{
	"credit": "Made with Blockbench",
	"parent": "minecraft:block/block",
	"ambientocclusion": false,
	"textures": {
		"0": "trewrite:block/cactus",
		"particle": "trewrite:block/cactus" 
	},
	"elements": [
		{
			"name": "shape1",
			"from": [4, 0, 4],
			"to": [12, 16, 12],
			"rotation": {"angle": 0, "axis": "z", "origin": [0, 16, 0]},
			"faces": {
				"north": {"uv": [0, 2, 2, 6], "texture": "#0"},
				"east": {"uv": [6, 2, 8, 6], "texture": "#0"},
				"south": {"uv": [4, 2, 6, 6], "texture": "#0"},
				"west": {"uv": [2, 2, 4, 6], "texture": "#0"},
				"up": {"uv": [4, 2, 2, 0], "texture": "#0"},
				"down": {"uv": [6, 0, 4, 2], "texture": "#0"}
			}
		}
	],
	"groups": [
		{
			"name": "cactus",
			"origin": [8, 8, 8],
			"children": [0]
		}
	]
}