{
	"credit": "Made with Blockbench",
	"textures": {
		"0": "trewrite:block/obsidian_brick",
		"1": "trewrite:block/pianos/piano",
		"2": "trewrite:block/hellstone",
		"particle": "trewrite:block/obsidian_brick"
	},
	"elements": [
		{
			"from": [13.5, 24.3, 8.8],
			"to": [15.5, 25.3, 8.8],
			"rotation": {"angle": 0, "axis": "y", "origin": [8, 7, 8]},
			"faces": {
				"north": {"uv": [9, 2, 7, 3], "texture": "#2"},
				"east": {"uv": [0, 0, 4, 1], "texture": "#2"},
				"south": {"uv": [0, 0, 1, 1], "texture": "#missing"},
				"west": {"uv": [0, 0, 4, 1], "texture": "#2"},
				"up": {"uv": [1, 2, 3, 3], "texture": "#2"},
				"down": {"uv": [0, 0, 2, 4], "texture": "#2"}
			}
		},
		{
			"from": [8, 0, 15],
			"to": [24, 16, 16],
			"faces": {
				"north": {"uv": [0, 15, 1, 16], "texture": "#0"},
				"east": {"uv": [0, 0, 1, 16], "texture": "#0"},
				"south": {"uv": [0, 0, 16, 16], "texture": "#0"},
				"west": {"uv": [0, 0, 1, 16], "texture": "#0"},
				"up": {"uv": [0, 0, 16, 1], "texture": "#0"},
				"down": {"uv": [0, 0, 16, 1], "texture": "#0"}
			}
		},
		{
			"from": [22, 0, 3],
			"to": [24, 16, 15],
			"faces": {
				"north": {"uv": [2, 0, 0, 16], "texture": "#0"},
				"east": {"uv": [0, 0, 12, 16], "texture": "#0"},
				"south": {"uv": [0, 0, 2, 16], "texture": "#0"},
				"west": {"uv": [0, 15, 1, 16], "texture": "#0"},
				"up": {"uv": [0, 12, 2, 0], "texture": "#0"},
				"down": {"uv": [0, 0, 2, 12], "texture": "#0"}
			}
		},
		{
			"from": [-8, 0, 3],
			"to": [-6, 16, 15],
			"faces": {
				"north": {"uv": [0, 0, 2, 16], "texture": "#0"},
				"east": {"uv": [0, 15, 1, 16], "texture": "#0"},
				"south": {"uv": [0, 0, 2, 16], "texture": "#0"},
				"west": {"uv": [0, 0, 12, 16], "texture": "#0"},
				"up": {"uv": [2, 0, 0, 12], "texture": "#0"},
				"down": {"uv": [2, 12, 0, 0], "texture": "#0"}
			}
		},
		{
			"from": [-8, 0, 15],
			"to": [8, 16, 16],
			"faces": {
				"north": {"uv": [0, 15, 1, 16], "texture": "#0"},
				"east": {"uv": [0, 0, 1, 16], "texture": "#0"},
				"south": {"uv": [0, 0, 16, 16], "texture": "#0"},
				"west": {"uv": [0, 0, 1, 16], "texture": "#0"},
				"up": {"uv": [0, 0, 16, 1], "texture": "#0"},
				"down": {"uv": [0, 0, 16, 1], "texture": "#0"}
			}
		},
		{
			"from": [8, 13, 3],
			"to": [22, 15, 15],
			"faces": {
				"north": {"uv": [0, 0, 14, 2], "texture": "#0"},
				"east": {"uv": [0, 0, 12, 2], "texture": "#missing"},
				"south": {"uv": [0, 0, 14, 2], "texture": "#missing"},
				"west": {"uv": [0, 0, 12, 2], "texture": "#0"},
				"up": {"uv": [0, 0, 14, 12], "texture": "#0"},
				"down": {"uv": [0, 0, 14, 12], "texture": "#0"}
			}
		},
		{
			"from": [8.3, 17.7, 2],
			"to": [13.3, 22.7, 3],
			"rotation": {"angle": 45, "axis": "z", "origin": [19.6, 12.5, -1]},
			"faces": {
				"north": {"uv": [0, 0, 5, 5], "texture": "#0"},
				"east": {"uv": [0, 0, 1, 5], "texture": "#0"},
				"south": {"uv": [0, 0, 5, 5], "texture": "#0"},
				"west": {"uv": [0, 0, 1, 5], "texture": "#0"},
				"up": {"uv": [0, 0, 5, 1], "texture": "#0"},
				"down": {"uv": [0, 0, 5, 1], "texture": "#0"}
			}
		},
		{
			"from": [8, 15, 3],
			"to": [22, 16, 10],
			"faces": {
				"north": {"uv": [0, 0, 14, 1], "texture": "#0"},
				"east": {"uv": [0, 0, 5, 1], "texture": "#missing"},
				"south": {"uv": [0, 0, 14, 1], "texture": "#missing"},
				"west": {"uv": [0, 0, 5, 1], "texture": "#0"},
				"up": {"uv": [2.5, 1, 5.5, 0], "texture": "#1"},
				"down": {"uv": [0, 0, 14, 5], "texture": "#0"}
			}
		},
		{
			"from": [-6, 15, 3],
			"to": [8, 16, 10],
			"faces": {
				"north": {"uv": [14, 0, 0, 1], "texture": "#0"},
				"east": {"uv": [0, 0, 5, 1], "texture": "#missing"},
				"south": {"uv": [0, 0, 14, 1], "texture": "#missing"},
				"west": {"uv": [0, 0, 5, 1], "texture": "#0"},
				"up": {"uv": [2.5, 1, 5.5, 0], "texture": "#1"},
				"down": {"uv": [0, 0, 14, 5], "texture": "#0"}
			}
		},
		{
			"from": [-6, 13, 3],
			"to": [8, 15, 15],
			"faces": {
				"north": {"uv": [14, 0, 0, 2], "texture": "#0"},
				"east": {"uv": [0, 0, 12, 2], "texture": "#missing"},
				"south": {"uv": [0, 0, 14, 2], "texture": "#missing"},
				"west": {"uv": [0, 0, 12, 2], "texture": "#0"},
				"up": {"uv": [14, 0, 0, 12], "texture": "#0"},
				"down": {"uv": [14, 0, 0, 12], "texture": "#0"}
			}
		},
		{
			"from": [-6, 14, 10],
			"to": [8, 24, 15],
			"faces": {
				"north": {"uv": [0, 0, 14, 10], "texture": "#0"},
				"east": {"uv": [0, 0, 5, 10], "texture": "#0"},
				"south": {"uv": [0, 0, 14, 10], "texture": "#0"},
				"west": {"uv": [0, 0, 5, 10], "texture": "#0"},
				"up": {"uv": [0, 0, 14, 5], "texture": "#0"},
				"down": {"uv": [14, 0, 0, 12], "texture": "#0"}
			}
		},
		{
			"from": [3, 17.06569, 9.95757],
			"to": [13, 24.06569, 9.95757],
			"rotation": {"angle": 0, "axis": "x", "origin": [8, 22, 8]},
			"faces": {
				"north": {"uv": [0, 0, 2.25, 2.25], "texture": "#1"},
				"east": {"uv": [0, 0, 5, 10], "texture": "#0"},
				"south": {"uv": [0, 0, 14, 10], "texture": "#0"},
				"west": {"uv": [0, 0, 5, 10], "texture": "#0"},
				"up": {"uv": [0, 0, 14, 5], "texture": "#0"},
				"down": {"uv": [14, 0, 0, 12], "texture": "#0"}
			}
		},
		{
			"from": [8, 14, 10],
			"to": [22, 24, 15],
			"faces": {
				"north": {"uv": [14, 0, 0, 10], "texture": "#0"},
				"east": {"uv": [0, 0, 5, 10], "texture": "#0"},
				"south": {"uv": [14, 0, 0, 10], "texture": "#0"},
				"west": {"uv": [0, 0, 5, 10], "texture": "#0"},
				"up": {"uv": [0, 0, 14, 5], "texture": "#0"},
				"down": {"uv": [14, 0, 0, 12], "texture": "#0"}
			}
		},
		{
			"from": [8, 24, 9],
			"to": [23, 26, 15],
			"faces": {
				"north": {"uv": [0, 0, 15, 2], "texture": "#0"},
				"east": {"uv": [0, 0, 6, 2], "texture": "#0"},
				"south": {"uv": [0, 0, 15, 2], "texture": "#0"},
				"west": {"uv": [0, 0, 5, 2], "texture": "#0"},
				"up": {"uv": [0, 0, 15, 6], "texture": "#0"},
				"down": {"uv": [0, 0, 15, 6], "texture": "#0"}
			}
		},
		{
			"from": [-7, 24, 9],
			"to": [8, 26, 15],
			"faces": {
				"north": {"uv": [15, 0, 0, 2], "texture": "#0"},
				"east": {"uv": [0, 0, 5, 2], "texture": "#0"},
				"south": {"uv": [15, 0, 0, 2], "texture": "#0"},
				"west": {"uv": [0, 0, 6, 2], "texture": "#0"},
				"up": {"uv": [0, 0, 15, 6], "texture": "#0"},
				"down": {"uv": [0, 0, 15, 6], "texture": "#0"}
			}
		},
		{
			"from": [7.5, 11.3, 1.9],
			"to": [8.5, 12.3, 2.9],
			"faces": {
				"north": {"uv": [2, 1, 3, 2], "texture": "#2"},
				"east": {"uv": [0, 0, 1, 1], "texture": "#missing"},
				"south": {"uv": [0, 0, 1, 1], "texture": "#missing"},
				"west": {"uv": [0, 0, 1, 1], "texture": "#missing"},
				"up": {"uv": [0, 0, 1, 1], "texture": "#missing"},
				"down": {"uv": [0, 0, 1, 1], "texture": "#missing"}
			}
		},
		{
			"from": [9.5, 1.3, 10.9],
			"to": [11.5, 2.3, 14.9],
			"rotation": {"angle": 0, "axis": "y", "origin": [8, 7, 8]},
			"faces": {
				"north": {"uv": [3, 1, 1, 2], "texture": "#2"},
				"east": {"uv": [0, 0, 4, 1], "texture": "#2"},
				"south": {"uv": [0, 0, 1, 1], "texture": "#missing"},
				"west": {"uv": [0, 0, 4, 1], "texture": "#2"},
				"up": {"uv": [0, 0, 2, 4], "texture": "#2"},
				"down": {"uv": [0, 0, 2, 4], "texture": "#2"}
			}
		},
		{
			"from": [4.4, 1.3, 10.9],
			"to": [6.4, 2.3, 14.9],
			"rotation": {"angle": 0, "axis": "y", "origin": [8, 7, 8]},
			"faces": {
				"north": {"uv": [1, 1, 3, 2], "texture": "#2"},
				"east": {"uv": [0, 0, 4, 1], "texture": "#2"},
				"south": {"uv": [0, 0, 1, 1], "texture": "#missing"},
				"west": {"uv": [0, 0, 4, 1], "texture": "#2"},
				"up": {"uv": [0, 0, 2, 4], "texture": "#2"},
				"down": {"uv": [0, 0, 2, 4], "texture": "#2"}
			}
		},
		{
			"from": [6.9, 1.3, 10.9],
			"to": [8.9, 2.3, 14.9],
			"rotation": {"angle": 0, "axis": "y", "origin": [8, 7, 8]},
			"faces": {
				"north": {"uv": [1, 1, 3, 2], "texture": "#2"},
				"east": {"uv": [0, 0, 4, 1], "texture": "#2"},
				"south": {"uv": [0, 0, 1, 1], "texture": "#missing"},
				"west": {"uv": [0, 0, 4, 1], "texture": "#2"},
				"up": {"uv": [0, 0, 2, 4], "texture": "#2"},
				"down": {"uv": [0, 0, 2, 4], "texture": "#2"}
			}
		},
		{
			"from": [0.5, 24.3, 8.8],
			"to": [2.5, 25.3, 8.8],
			"rotation": {"angle": 0, "axis": "y", "origin": [8, 7, 8]},
			"faces": {
				"north": {"uv": [7, 2, 9, 3], "texture": "#2"},
				"east": {"uv": [0, 0, 4, 1], "texture": "#2"},
				"south": {"uv": [0, 0, 1, 1], "texture": "#missing"},
				"west": {"uv": [0, 0, 4, 1], "texture": "#2"},
				"up": {"uv": [1, 2, 3, 3], "texture": "#2"},
				"down": {"uv": [0, 0, 2, 4], "texture": "#2"}
			}
		}
	],
	"display": {
		"thirdperson_righthand": {
			"scale": [0.25, 0.25, 0.25]
		},
		"thirdperson_lefthand": {
			"scale": [0.25, 0.25, 0.25]
		},
		"firstperson_righthand": {
			"scale": [0.25, 0.25, 0.25]
		},
		"firstperson_lefthand": {
			"scale": [0.25, 0.25, 0.25]
		},
		"ground": {
			"scale": [0.25, 0.25, 0.25]
		},
		"gui": {
			"rotation": [16, -180, 0],
			"translation": [0, -2.25, 0],
			"scale": [0.4, 0.4, 0.4]
		},
		"head": {
			"translation": [0, 0, -1.5],
			"scale": [0.5, 1, 1]
		},
		"fixed": {
			"translation": [0, 0, -2],
			"scale": [0.25, 0.25, 0.25]
		}
	},
	"groups": [
		{
			"name": "group",
			"origin": [8, 8, 8],
			"children": [0, 1, 2, 3, 4, 5, 6, 7, 8, 9, 10, 11, 12, 13, 14, 15, 16, 17, 18, 19]
		}
	]
}