{
    "parrent": "block/cube",
    "textures": {
        "particle": "trewrite:block/modeled/crafting_table",
        "crafting_table": "trewrite:block/modeled/crafting_table"
    },
    "elements": [
        {
            "from": [ 0, 12, 0 ], 
            "to": [ 16, 16, 16 ], 
            "faces": {
                "north": { "texture": "#crafting_table", "uv": [ 0, 0, 8, 2 ] },
                "east": { "texture": "#crafting_table", "uv": [ 0, 2, 8, 4 ] },
                "south": { "texture": "#crafting_table", "uv": [ 0, 4, 8, 6 ] },
                "west": { "texture": "#crafting_table", "uv": [ 0, 6, 8, 8 ] },
                "up": { "texture": "#crafting_table", "uv": [ 8, 8, 16, 16 ] },
                "down": { "texture": "#crafting_table", "uv": [ 8, 8, 16, 16 ] }
            }
        },
        {
            "from": [ 2, 0, 2 ], 
            "to": [ 5, 12, 5 ], 
            "faces": {
                "north": { "texture": "#crafting_table", "uv": [ 14, 0, 16, 8 ] },
                "east": { "texture": "#crafting_table", "uv": [ 14, 0, 16, 8 ] },
                "south": { "texture": "#crafting_table", "uv": [ 14, 0, 16, 8 ] },
                "west": { "texture": "#crafting_table", "uv": [ 14, 0, 16, 8 ] },
                "down": { "texture": "#crafting_table", "uv": [ 14, 0, 16, 8 ] }
            }
        },
        {
            "from": [ 11, 0, 2 ], 
            "to": [ 14, 12, 5 ], 
            "faces": {
                "north": { "texture": "#crafting_table", "uv": [ 8, 0, 10, 8 ] },
                "east": { "texture": "#crafting_table", "uv": [ 8, 0, 10, 8 ] },
                "south": { "texture": "#crafting_table", "uv": [ 8, 0, 10, 8 ] },
                "west": { "texture": "#crafting_table", "uv": [ 8, 0, 10, 8 ] },
                "down": { "texture": "#crafting_table", "uv": [ 5, 9, 7, 11 ] }
            }
        },
        {
            "from": [ 11, 0, 11 ], 
            "to": [ 14, 12, 14 ], 
            "faces": {
                "north": { "texture": "#crafting_table", "uv": [ 10, 0, 12, 8 ] },
                "east": { "texture": "#crafting_table", "uv": [ 10, 0, 12, 8 ] },
                "south": { "texture": "#crafting_table", "uv": [ 10, 0, 12, 8 ] },
                "west": { "texture": "#crafting_table", "uv": [ 10, 0, 12, 8 ] },
                "down": { "texture": "#crafting_table", "uv": [ 5, 9, 7, 11 ] }
            }
        },
        {
            "from": [ 2, 0, 11 ], 
            "to": [ 5, 12, 14 ], 
            "faces": {
                "north": { "texture": "#crafting_table", "uv": [ 12, 0, 14, 8 ] },
                "east": { "texture": "#crafting_table", "uv": [ 12, 0, 14, 8 ] },
                "south": { "texture": "#crafting_table", "uv": [ 12, 0, 14, 8 ] },
                "west": { "texture": "#crafting_table", "uv": [ 12, 0, 14, 8 ] },
                "down": { "texture": "#crafting_table", "uv": [ 5, 9, 7, 11 ] }
            }
        },
        {
            "from": [ 4, 3, 4 ], 
            "to": [ 12, 7, 12 ], 
            "faces": {
                "north": { "texture": "#crafting_table", "uv": [ 0, 0, 4, 2 ] },
                "east": { "texture": "#crafting_table", "uv": [ 0, 0, 4, 2 ] },
                "south": { "texture": "#crafting_table", "uv": [ 0, 0, 4, 2 ] },
                "west": { "texture": "#crafting_table", "uv": [ 0, 0, 4, 2 ] },
                "up": { "texture": "#crafting_table", "uv": [ 4, 8, 8, 12 ] },
                "down": { "texture": "#crafting_table", "uv": [ 4, 8, 8, 12 ] }
            }
        }
    ]
}