{
	"credit": "Made with Blockbench",
	"textures": {
		"0": "trewrite:block/sofas/obsidian",
		"particle": "trewrite:block/sofas/obsidian"
	},
	"elements": [
		{
			"from": [0, 0, 2],
			"to": [16, 6, 2],
			"faces": {
				"north": {"uv": [0, 13, 8, 16], "texture": "#0"},
				"east": {"uv": [0, 0, 0, 6], "texture": "#missing"},
				"south": {"uv": [8, 13, 0, 16], "texture": "#0"},
				"west": {"uv": [0, 0, 0, 6], "texture": "#missing"},
				"up": {"uv": [0, 0, 16, 0], "texture": "#missing"},
				"down": {"uv": [0, 0, 16, 0], "texture": "#missing"}
			}
		},
		{
			"from": [0, 0, 14],
			"to": [16, 6, 14],
			"faces": {
				"north": {"uv": [0, 10, 8, 13], "texture": "#0"},
				"east": {"uv": [0, 0, 0, 6], "texture": "#missing"},
				"south": {"uv": [8, 10, 0, 13], "texture": "#0"},
				"west": {"uv": [0, 0, 0, 6], "texture": "#missing"},
				"up": {"uv": [0, 0, 16, 0], "texture": "#missing"},
				"down": {"uv": [0, 0, 16, 0], "texture": "#missing"}
			}
		},
		{
			"from": [0, 5.8, 2],
			"to": [16, 5.8, 14],
			"faces": {
				"north": {"uv": [0, 0, 16, 0], "texture": "#missing"},
				"east": {"uv": [0, 0, 12, 0], "texture": "#missing"},
				"south": {"uv": [0, 0, 16, 0], "texture": "#missing"},
				"west": {"uv": [0, 0, 12, 0], "texture": "#missing"},
				"up": {"uv": [8, 9.5, 16, 15.5], "texture": "#0"},
				"down": {"uv": [8, 9.5, 16, 15.5], "texture": "#0"}
			}
		},
		{
			"from": [0, 6, 2],
			"to": [14, 9, 11],
			"faces": {
				"north": {"uv": [0, 6.5, 7, 8], "texture": "#0"},
				"east": {"uv": [0, 0, 10, 3], "texture": "#missing"},
				"south": {"uv": [0, 0, 14, 3], "texture": "#missing"},
				"west": {"uv": [0, 0, 10, 3], "texture": "#missing"},
				"up": {"uv": [0, 2, 7, 6], "texture": "#0"},
				"down": {"uv": [0, 0, 14, 10], "texture": "#missing"}
			}
		},
		{
			"from": [0, 6, 13],
			"to": [14, 19, 14],
			"faces": {
				"north": {"uv": [8.5, 9.5, 15.5, 15.5], "texture": "#0"},
				"east": {"uv": [0, 0, 10, 3], "texture": "#missing"},
				"south": {"uv": [8.5, 9.5, 15.5, 15.5], "texture": "#0"},
				"west": {"uv": [0, 0, 10, 3], "texture": "#missing"},
				"up": {"uv": [8.5, 8, 15.5, 8.5], "texture": "#0"},
				"down": {"uv": [0, 0, 14, 10], "texture": "#missing"}
			}
		},
		{
			"from": [0, 6, 11],
			"to": [14, 18.6, 13],
			"faces": {
				"north": {"uv": [7.5, 2, 14.5, 9], "texture": "#0"},
				"east": {"uv": [0, 0, 10, 3], "texture": "#missing"},
				"south": {"uv": [8.5, 9.5, 15.5, 15.5], "texture": "#0"},
				"west": {"uv": [0, 0, 10, 3], "texture": "#missing"},
				"up": {"uv": [0, 7, 7, 8], "texture": "#0"},
				"down": {"uv": [0, 0, 14, 10], "texture": "#missing"}
			}
		},
		{
			"from": [14, 6, 1],
			"to": [17, 12, 10],
			"faces": {
				"north": {"uv": [9, 11.5, 10.5, 14.5], "texture": "#0"},
				"east": {"uv": [9, 11.5, 13.5, 14], "texture": "#0"},
				"south": {"uv": [0, 0, 3, 6], "texture": "#missing"},
				"west": {"uv": [9, 11.5, 13.5, 14], "texture": "#0"},
				"up": {"uv": [9, 10, 10.5, 14.5], "texture": "#0"},
				"down": {"uv": [9, 10, 10.5, 14.5], "texture": "#0"}
			}
		},
		{
			"from": [14, 6, 10],
			"to": [17, 19, 14],
			"faces": {
				"north": {"uv": [8.5, 8.5, 10, 14], "texture": "#0"},
				"east": {"uv": [8.5, 8.5, 10.5, 14], "texture": "#0"},
				"south": {"uv": [8.5, 8.5, 10, 14], "texture": "#0"},
				"west": {"uv": [8.5, 8.5, 10.5, 14], "texture": "#0"},
				"up": {"uv": [8.5, 8.5, 10, 10.5], "texture": "#0"},
				"down": {"uv": [8.5, 8.5, 10, 10.5], "texture": "#0"}
			}
		}
	]
}