{
	"credit": "Made with Blockbench",
	"textures": {
		"0": "trewrite:block/sofas/obsidian",
		"particle": "trewrite:block/sofas/obsidian"
	},
	"elements": [
		{
			"from": [0, 0, 2],
			"to": [16, 6, 2],
			"faces": {
				"north": {"uv": [8, 13, 0, 16], "texture": "#0"},
				"east": {"uv": [0, 0, 0, 6], "texture": "#missing"},
				"south": {"uv": [0, 13, 8, 16], "texture": "#0"},
				"west": {"uv": [0, 0, 0, 6], "texture": "#missing"},
				"up": {"uv": [16, 0, 0, 0], "texture": "#missing"},
				"down": {"uv": [16, 0, 0, 0], "texture": "#missing"}
			}
		},
		{
			"from": [0, 0, 14],
			"to": [16, 6, 14],
			"faces": {
				"north": {"uv": [8, 10, 0, 13], "texture": "#0"},
				"east": {"uv": [0, 0, 0, 6], "texture": "#missing"},
				"south": {"uv": [0, 10, 8, 13], "texture": "#0"},
				"west": {"uv": [0, 0, 0, 6], "texture": "#missing"},
				"up": {"uv": [16, 0, 0, 0], "texture": "#missing"},
				"down": {"uv": [16, 0, 0, 0], "texture": "#missing"}
			}
		},
		{
			"from": [0, 5.8, 2],
			"to": [16, 5.8, 14],
			"faces": {
				"north": {"uv": [16, 0, 0, 0], "texture": "#missing"},
				"east": {"uv": [12, 0, 0, 0], "texture": "#missing"},
				"south": {"uv": [16, 0, 0, 0], "texture": "#missing"},
				"west": {"uv": [12, 0, 0, 0], "texture": "#missing"},
				"up": {"uv": [16, 9.5, 8, 15.5], "texture": "#0"},
				"down": {"uv": [16, 9.5, 8, 15.5], "texture": "#0"}
			}
		},
		{
			"from": [2, 6, 2],
			"to": [16, 9, 11],
			"faces": {
				"north": {"uv": [7, 6.5, 0, 8], "texture": "#0"},
				"east": {"uv": [10, 0, 0, 3], "texture": "#missing"},
				"south": {"uv": [14, 0, 0, 3], "texture": "#missing"},
				"west": {"uv": [10, 0, 0, 3], "texture": "#missing"},
				"up": {"uv": [7, 2, 0, 6], "texture": "#0"},
				"down": {"uv": [14, 0, 0, 10], "texture": "#missing"}
			}
		},
		{
			"from": [2, 6, 13],
			"to": [16, 19, 14],
			"faces": {
				"north": {"uv": [15.5, 9.5, 8.5, 15.5], "texture": "#0"},
				"east": {"uv": [10, 0, 0, 3], "texture": "#missing"},
				"south": {"uv": [15.5, 9.5, 8.5, 15.5], "texture": "#0"},
				"west": {"uv": [10, 0, 0, 3], "texture": "#missing"},
				"up": {"uv": [15.5, 8, 8.5, 8.5], "texture": "#0"},
				"down": {"uv": [14, 0, 0, 10], "texture": "#missing"}
			}
		},
		{
			"from": [2, 6, 11],
			"to": [16, 18.6, 13],
			"faces": {
				"north": {"uv": [14.5, 2, 7.5, 9], "texture": "#0"},
				"east": {"uv": [10, 0, 0, 3], "texture": "#missing"},
				"south": {"uv": [15.5, 9.5, 8.5, 15.5], "texture": "#0"},
				"west": {"uv": [10, 0, 0, 3], "texture": "#missing"},
				"up": {"uv": [7, 7, 0, 8], "texture": "#0"},
				"down": {"uv": [14, 0, 0, 10], "texture": "#missing"}
			}
		},
		{
			"from": [-1, 6, 1],
			"to": [2, 12, 10],
			"faces": {
				"north": {"uv": [10.5, 11.5, 9, 14.5], "texture": "#0"},
				"east": {"uv": [13.5, 11.5, 9, 14], "texture": "#0"},
				"south": {"uv": [3, 0, 0, 6], "texture": "#missing"},
				"west": {"uv": [13.5, 11.5, 9, 14], "texture": "#0"},
				"up": {"uv": [10.5, 10, 9, 14.5], "texture": "#0"},
				"down": {"uv": [10.5, 10, 9, 14.5], "texture": "#0"}
			}
		},
		{
			"from": [-1, 6, 10],
			"to": [2, 19, 14],
			"faces": {
				"north": {"uv": [10, 8.5, 8.5, 14], "texture": "#0"},
				"east": {"uv": [10.5, 8.5, 8.5, 14], "texture": "#0"},
				"south": {"uv": [10, 8.5, 8.5, 14], "texture": "#0"},
				"west": {"uv": [10.5, 8.5, 8.5, 14], "texture": "#0"},
				"up": {"uv": [10, 8.5, 8.5, 10.5], "texture": "#0"},
				"down": {"uv": [10, 8.5, 8.5, 10.5], "texture": "#0"}
			}
		}
	]
}