{
    "variants": {
        "facing=east,half=lower":  { "model": "trewrite:block/beds/obsidian/front", "y": 270 },
        "facing=south,half=lower": { "model": "trewrite:block/beds/obsidian/front"},
        "facing=west,half=lower":  { "model": "trewrite:block/beds/obsidian/front", "y": 90 },
        "facing=north,half=lower": { "model": "trewrite:block/beds/obsidian/front", "y": 180 },
        "facing=east,half=upper":  { "model": "trewrite:block/beds/obsidian/back", "y": 270 },
        "facing=south,half=upper": { "model": "trewrite:block/beds/obsidian/back" },
        "facing=west,half=upper":  { "model": "trewrite:block/beds/obsidian/back", "y": 90 },
        "facing=north,half=upper": { "model": "trewrite:block/beds/obsidian/back", "y": 180 }
    }
}
