{
    "variants": {
        "facing=east,half=lower":  { "model": "trewrite:block/dressers/obsidian/left", "y": 270 },
        "facing=south,half=lower": { "model": "trewrite:block/dressers/obsidian/left"},
        "facing=west,half=lower":  { "model": "trewrite:block/dressers/obsidian/left", "y": 90 },
        "facing=north,half=lower": { "model": "trewrite:block/dressers/obsidian/left", "y": 180 },
        "facing=east,half=upper":  { "model": "trewrite:block/dressers/obsidian/right", "y": 270 },
        "facing=south,half=upper": { "model": "trewrite:block/dressers/obsidian/right" },
        "facing=west,half=upper":  { "model": "trewrite:block/dressers/obsidian/right", "y": 90 },
        "facing=north,half=upper": { "model": "trewrite:block/dressers/obsidian/right", "y": 180 }
    }
}
