{
	"credit": "Made with Blockbench",
	"textures": {
		"0": "trewrite:block/mushroom_stem",
		"1": "trewrite:block/mushroom_stem",
		"2": "trewrite:block/mushroom_block",
		"particle": "trewrite:block/mushroom_stem"
	},
	"elements": [
		{
			"from": [4, 0, 4],
			"to": [12, 16, 12],
			"faces": {
				"north": {"uv": [4, 0, 12, 16], "texture": "#0"},
				"east": {"uv": [4, 0, 12, 16], "texture": "#0"},
				"south": {"uv": [4, 0, 12, 16], "texture": "#0"},
				"west": {"uv": [4, 0, 12, 16], "texture": "#0"},
				"up": {"uv": [4, 4, 12, 12], "texture": "#1"},
				"down": {"uv": [4, 4, 12, 12], "texture": "#1"}
			}
		},
		{
			"from": [7, 8, 11],
			"to": [9, 10, 20],
			"rotation": {"angle": -22.5, "axis": "x", "origin": [6.5, 2.5, 14.5]},
			"faces": {
				"north": {"uv": [4, 4, 12, 12], "rotation": 180, "texture": "#1"},
				"east": {"uv": [4, 0, 6, 16], "rotation": 90, "texture": "#0"},
				"south": {"uv": [4, 4, 12, 12], "texture": "#1"},
				"west": {"uv": [4, 0, 6, 16], "rotation": 270, "texture": "#0"},
				"up": {"uv": [10, 0, 12, 16], "texture": "#0"},
				"down": {"uv": [10, 0, 12, 16], "rotation": 180, "texture": "#0"}
			}
		},
		{
			"from": [5, 9, 14],
			"to": [11, 14, 19],
			"rotation": {"angle": 0, "axis": "z", "origin": [8, 11, 17]},
			"faces": {
				"north": {"uv": [1, 0, 6, 6], "rotation": 270, "texture": "#2"},
				"east": {"uv": [5, 0, 10, 5], "rotation": 90, "texture": "#2"},
				"south": {"uv": [0, 2, 5, 8], "rotation": 90, "texture": "#2"},
				"west": {"uv": [0, 0, 5, 5], "rotation": 90, "texture": "#2"},
				"up": {"uv": [0, 0, 8, 8], "rotation": 90, "texture": "#2"},
				"down": {"uv": [8, 8, 16, 16], "rotation": 90, "texture": "#2"}
			}
		}
	],
	"groups": [
		{
			"name": "boreal_log_branch",
			"origin": [8, 8, 8],
			"children": [0, 1, 2]
		}
	]
}