{
    "__comment": "Model generated using MrCrayfish's Model Creator (https://mrcrayfish.com/tools?id=mc)",
    "textures": {
        "particle": "trewrite:block/modeled/table",
        "0": "trewrite:block/modeled/table"
    },
    "display": {
        "gui": {
            "rotation": [ 0, 0, 0 ],
            "translation": [ 0, 0, 0 ],
            "scale": [ 0.5, 0.5, 0.5 ]
        },
        "ground": {
            "rotation": [ 0, 0, 0 ],
            "translation": [ 0, 0, 0 ],
            "scale": [ 0.25, 0.25, 0.25 ]
        },
        "fixed": {
            "rotation": [ 0, 0, 0 ],
            "translation": [ 0, 0, 6 ],
            "scale": [ 0.5, 0.5, 0.5 ]
        },
        "head": {
            "rotation": [ 0, 0, 0 ],
            "translation": [ 0, 8, 0 ],
            "scale": [ 0.25, 0.25, 0.25 ]
        },
        "firstperson_righthand": {
            "rotation": [ 0, 0, 0 ],
            "translation": [ 0, 0, 0 ],
            "scale": [ 0.25, 0.25, 0.25 ]
        },
        "thirdperson_righthand": {
            "rotation": [ 0, 0, 0 ],
            "translation": [ 0, 0, 0 ],
            "scale": [ 0.25, 0.25, 0.25 ]
        }
    },
    "elements": [
        {
            "name": "Element",
            "from": [ -4, 13, -4 ], 
            "to": [ 20, 16, 20 ], 
            "faces": {
                "north": { "texture": "#0", "uv": [ 0, 2, 16, 4 ] },
                "east": { "texture": "#0", "uv": [ 0, 2, 16, 4 ] },
                "south": { "texture": "#0", "uv": [ 0, 2, 16, 4 ] },
                "west": { "texture": "#0", "uv": [ 0, 2, 16, 4 ] },
                "up": { "texture": "#0", "uv": [ 0, 0, 16, 16 ] },
                "down": { "texture": "#0", "uv": [ 0, 0, 16, 16 ] }
            }
        },
        {
            "name": "Element",
            "from": [ -3, 0, -3 ], 
            "to": [ 0, 15, 0 ], 
            "faces": {
                "north": { "texture": "#0", "uv": [ 2, 8, 4, 16 ] },
                "east": { "texture": "#0", "uv": [ 2, 8, 4, 16 ] },
                "south": { "texture": "#0", "uv": [ 2, 8, 4, 16 ] },
                "west": { "texture": "#0", "uv": [ 2, 8, 4, 16 ] },
                "down": { "texture": "#0", "uv": [ 0, 0, 1, 1 ] }
            }
        },
        {
            "name": "Element",
            "from": [ 16, 0, -3 ], 
            "to": [ 19, 15, 0 ], 
            "faces": {
                "north": { "texture": "#0", "uv": [ 4, 8, 6, 16 ] },
                "east": { "texture": "#0", "uv": [ 4, 8, 6, 16 ] },
                "south": { "texture": "#0", "uv": [ 4, 8, 6, 16 ] },
                "west": { "texture": "#0", "uv": [ 4, 8, 6, 16 ] },
                "down": { "texture": "#0", "uv": [ 0, 0, 1, 1 ] }
            }
        },
        {
            "name": "Element",
            "from": [ 16, 0, 16 ], 
            "to": [ 19, 15, 19 ], 
            "faces": {
                "north": { "texture": "#0", "uv": [ 6, 8, 8, 16 ] },
                "east": { "texture": "#0", "uv": [ 6, 8, 8, 16 ] },
                "south": { "texture": "#0", "uv": [ 6, 8, 8, 16 ] },
                "west": { "texture": "#0", "uv": [ 6, 8, 8, 16 ] },
                "down": { "texture": "#0", "uv": [ 0, 0, 1, 1 ] }
            }
        },
        {
            "name": "Element",
            "from": [ -3, 0, 16 ], 
            "to": [ 0, 15, 19 ], 
            "faces": {
                "north": { "texture": "#0", "uv": [ 8, 8, 10, 16 ] },
                "east": { "texture": "#0", "uv": [ 8, 8, 10, 16 ] },
                "south": { "texture": "#0", "uv": [ 8, 8, 10, 16 ] },
                "west": { "texture": "#0", "uv": [ 8, 8, 10, 16 ] },
                "down": { "texture": "#0", "uv": [ 0, 0, 1, 1 ] }
            }
        },
        {
            "name": "Cube",
            "from": [ -2, 3, 14 ], 
            "to": [ 0, 9, 16 ], 
            "rotation": { "origin": [ 8, 8, 8 ], "axis": "x", "angle": -45.0 },
            "faces": {
                "north": { "texture": "#0", "uv": [ 0, 0, 2, 6 ] },
                "east": { "texture": "#0", "uv": [ 0, 0, 2, 6 ] },
                "south": { "texture": "#0", "uv": [ 0, 0, 2, 6 ] },
                "west": { "texture": "#0", "uv": [ 0, 0, 2, 6 ] },
                "up": { "texture": "#0", "uv": [ 0, 0, 2, 2 ] },
                "down": { "texture": "#0", "uv": [ 0, 0, 2, 2 ] }
            }
        },
        {
            "name": "Cube",
            "from": [ 16, 3, 14 ], 
            "to": [ 18, 9, 16 ], 
            "rotation": { "origin": [ 8, 8, 8 ], "axis": "x", "angle": -45.0 },
            "faces": {
                "north": { "texture": "#0", "uv": [ 0, 0, 2, 6 ] },
                "east": { "texture": "#0", "uv": [ 0, 0, 2, 6 ] },
                "south": { "texture": "#0", "uv": [ 0, 0, 2, 6 ] },
                "west": { "texture": "#0", "uv": [ 0, 0, 2, 6 ] },
                "up": { "texture": "#0", "uv": [ 0, 0, 2, 2 ] },
                "down": { "texture": "#0", "uv": [ 0, 0, 2, 2 ] }
            }
        },
        {
            "name": "Cube",
            "from": [ 16, 3, 0 ], 
            "to": [ 18, 9, 2 ], 
            "rotation": { "origin": [ 8, 8, 8 ], "axis": "x", "angle": 45.0 },
            "faces": {
                "north": { "texture": "#0", "uv": [ 0, 0, 2, 6 ] },
                "east": { "texture": "#0", "uv": [ 0, 0, 2, 6 ] },
                "south": { "texture": "#0", "uv": [ 0, 0, 2, 6 ] },
                "west": { "texture": "#0", "uv": [ 0, 0, 2, 6 ] },
                "up": { "texture": "#0", "uv": [ 0, 0, 2, 2 ] },
                "down": { "texture": "#0", "uv": [ 0, 0, 2, 2 ] }
            }
        },
        {
            "name": "Cube",
            "from": [ -2, 3, 0 ], 
            "to": [ 0, 9, 2 ], 
            "rotation": { "origin": [ 8, 8, 8 ], "axis": "x", "angle": 45.0 },
            "faces": {
                "north": { "texture": "#0", "uv": [ 0, 0, 2, 6 ] },
                "east": { "texture": "#0", "uv": [ 0, 0, 2, 6 ] },
                "south": { "texture": "#0", "uv": [ 0, 0, 2, 6 ] },
                "west": { "texture": "#0", "uv": [ 0, 0, 2, 6 ] },
                "up": { "texture": "#0", "uv": [ 0, 0, 2, 2 ] },
                "down": { "texture": "#0", "uv": [ 0, 0, 2, 2 ] }
            }
        },
        {
            "name": "Cube",
            "from": [ 14, 3, -2 ], 
            "to": [ 16, 9, 0 ], 
            "rotation": { "origin": [ 8, 8, 8 ], "axis": "z", "angle": 45.0 },
            "faces": {
                "north": { "texture": "#0", "uv": [ 0, 0, 2, 6 ] },
                "east": { "texture": "#0", "uv": [ 0, 0, 2, 6 ] },
                "south": { "texture": "#0", "uv": [ 0, 0, 2, 6 ] },
                "west": { "texture": "#0", "uv": [ 0, 0, 2, 6 ] },
                "up": { "texture": "#0", "uv": [ 0, 0, 2, 2 ] },
                "down": { "texture": "#0", "uv": [ 0, 0, 2, 2 ] }
            }
        },
        {
            "name": "Cube",
            "from": [ 14, 3, 16 ], 
            "to": [ 16, 9, 18 ], 
            "rotation": { "origin": [ 8, 8, 8 ], "axis": "z", "angle": 45.0 },
            "faces": {
                "north": { "texture": "#0", "uv": [ 0, 0, 2, 6 ] },
                "east": { "texture": "#0", "uv": [ 0, 0, 2, 6 ] },
                "south": { "texture": "#0", "uv": [ 0, 0, 2, 6 ] },
                "west": { "texture": "#0", "uv": [ 0, 0, 2, 6 ] },
                "up": { "texture": "#0", "uv": [ 0, 0, 2, 2 ] },
                "down": { "texture": "#0", "uv": [ 0, 0, 2, 2 ] }
            }
        },
        {
            "name": "Cube",
            "from": [ 0, 3, 16 ], 
            "to": [ 2, 9, 18 ], 
            "rotation": { "origin": [ 8, 8, 8 ], "axis": "z", "angle": -45.0 },
            "faces": {
                "north": { "texture": "#0", "uv": [ 0, 0, 2, 6 ] },
                "east": { "texture": "#0", "uv": [ 0, 0, 2, 6 ] },
                "south": { "texture": "#0", "uv": [ 0, 0, 2, 6 ] },
                "west": { "texture": "#0", "uv": [ 0, 0, 2, 6 ] },
                "up": { "texture": "#0", "uv": [ 0, 0, 2, 2 ] },
                "down": { "texture": "#0", "uv": [ 0, 0, 2, 2 ] }
            }
        },
        {
            "name": "Cube",
            "from": [ 0, 3, -2 ], 
            "to": [ 2, 9, 0 ], 
            "rotation": { "origin": [ 8, 8, 8 ], "axis": "z", "angle": -45.0 },
            "faces": {
                "north": { "texture": "#0", "uv": [ 0, 0, 2, 6 ] },
                "east": { "texture": "#0", "uv": [ 0, 0, 2, 6 ] },
                "south": { "texture": "#0", "uv": [ 0, 0, 2, 6 ] },
                "west": { "texture": "#0", "uv": [ 0, 0, 2, 6 ] },
                "up": { "texture": "#0", "uv": [ 0, 0, 2, 2 ] },
                "down": { "texture": "#0", "uv": [ 0, 0, 2, 2 ] }
            }
        }
    ]
}