{
    "__comment": "Model generated using MrCrayfish's Model Creator (https://mrcrayfish.com/tools?id=mc)",
    "textures": {
        "particle": "trewrite:block/wood",
        "crafting_table": "trewrite:block/modeled/crafting_table"
    },
    "display": {
        "gui": {
            "rotation": [ 0, 0, 0 ],
            "translation": [ 0, -2, 0 ],
            "scale": [ 0.5, 0.5, 0.5 ]
        },
        "ground": {
            "rotation": [ 0, 0, 0 ],
            "translation": [ 0, 0, 0 ],
            "scale": [ 0.5, 0.5, 0.5 ]
        },
        "fixed": {
            "rotation": [ 0, 0, 0 ],
            "translation": [ 0, 0, -4.25 ],
            "scale": [ 0.5, 0.5, 0.5 ]
        },
        "head": {
            "rotation": [ 0, 0, 0 ],
            "translation": [ 0, 10, 0 ],
            "scale": [ 0.5, 0.5, 0.5 ]
        },
        "firstperson_righthand": {
            "rotation": [ 0, 0, 0 ],
            "translation": [ 0, 0, 0 ],
            "scale": [ 0.5, 0.5, 0.5 ]
        },
        "thirdperson_righthand": {
            "rotation": [ 0, 0, 0 ],
            "translation": [ 0, -3.75, -2.75 ],
            "scale": [ 0.5, 0.5, 0.5 ]
        }
    },
    "elements": [
        {
            "name": "Element",
            "from": [ 2, 0, 12 ], 
            "to": [ 4, 16, 14 ], 
            "faces": {
                "north": { "texture": "#crafting_table", "uv": [ 8, 0, 9, 8 ] },
                "east": { "texture": "#crafting_table", "uv": [ 8, 0, 9, 8 ] },
                "south": { "texture": "#crafting_table", "uv": [ 8, 0, 9, 8 ] },
                "west": { "texture": "#crafting_table", "uv": [ 8, 0, 9, 8 ] },
                "down": { "texture": "#crafting_table", "uv": [ 0, 0, 2, 2 ] }
            }
        },
        {
            "name": "Element",
            "from": [ 12, 0, 12 ], 
            "to": [ 14, 16, 14 ], 
            "faces": {
                "north": { "texture": "#crafting_table", "uv": [ 10, 0, 11, 8 ] },
                "east": { "texture": "#crafting_table", "uv": [ 10, 0, 11, 8 ] },
                "south": { "texture": "#crafting_table", "uv": [ 10, 0, 11, 8 ] },
                "west": { "texture": "#crafting_table", "uv": [ 10, 0, 11, 8 ] },
                "down": { "texture": "#crafting_table", "uv": [ 3, 0, 5, 2 ] }
            }
        },
        {
            "name": "Element",
            "from": [ 12, 0, 2 ], 
            "to": [ 14, 6, 4 ], 
            "faces": {
                "north": { "texture": "#crafting_table", "uv": [ 12, 0, 13, 3 ] },
                "east": { "texture": "#crafting_table", "uv": [ 12, 0, 13, 3 ] },
                "south": { "texture": "#crafting_table", "uv": [ 12, 0, 13, 3 ] },
                "west": { "texture": "#crafting_table", "uv": [ 12, 0, 13, 3 ] },
                "down": { "texture": "#crafting_table", "uv": [ 12, 0, 13, 1 ] }
            }
        },
        {
            "name": "Element",
            "from": [ 12, 16, 12 ], 
            "to": [ 14, 23, 14 ], 
            "faces": {
                "north": { "texture": "#crafting_table", "uv": [ 8, 0, 9, 4 ] },
                "east": { "texture": "#crafting_table", "uv": [ 8, 0, 9, 4 ] },
                "south": { "texture": "#crafting_table", "uv": [ 8, 0, 9, 4 ] },
                "west": { "texture": "#crafting_table", "uv": [ 8, 0, 9, 4 ] },
                "up": { "texture": "#crafting_table", "uv": [ 8, 0, 9, 1 ] }
            }
        },
        {
            "name": "Element",
            "from": [ 2, 16, 12 ], 
            "to": [ 4, 23, 14 ], 
            "faces": {
                "north": { "texture": "#crafting_table", "uv": [ 10, 0, 11, 4 ] },
                "east": { "texture": "#crafting_table", "uv": [ 10, 0, 11, 4 ] },
                "south": { "texture": "#crafting_table", "uv": [ 10, 0, 11, 4 ] },
                "west": { "texture": "#crafting_table", "uv": [ 10, 0, 11, 4 ] },
                "up": { "texture": "#crafting_table", "uv": [ 10, 0, 11, 1 ] }
            }
        },
        {
            "name": "Element",
            "from": [ 2, 0, 2 ], 
            "to": [ 4, 6, 4 ], 
            "faces": {
                "north": { "texture": "#crafting_table", "uv": [ 14, 0, 15, 3 ] },
                "east": { "texture": "#crafting_table", "uv": [ 14, 0, 15, 3 ] },
                "south": { "texture": "#crafting_table", "uv": [ 14, 0, 15, 3 ] },
                "west": { "texture": "#crafting_table", "uv": [ 14, 0, 15, 3 ] },
                "down": { "texture": "#crafting_table", "uv": [ 14, 0, 15, 1 ] }
            }
        },
        {
            "name": "Element",
            "from": [ 2, 6, 2 ], 
            "to": [ 14, 9, 12 ], 
            "faces": {
                "north": { "texture": "#crafting_table", "uv": [ 0, 0, 8, 2 ] },
                "east": { "texture": "#crafting_table", "uv": [ 0, 0, 6, 2 ] },
                "south": { "texture": "#crafting_table", "uv": [ 0, 0, 8, 2 ] },
                "west": { "texture": "#crafting_table", "uv": [ 0, 0, 6, 2 ] },
                "up": { "texture": "#crafting_table", "uv": [ 8, 8, 16, 16 ] },
                "down": { "texture": "#crafting_table", "uv": [ 0, 0, 8, 6 ] }
            }
        },
        {
            "name": "Element",
            "from": [ 4, 17, 12 ], 
            "to": [ 12, 21, 14 ], 
            "faces": {
                "north": { "texture": "#crafting_table", "uv": [ 0, 0, 4, 2 ] },
                "south": { "texture": "#crafting_table", "uv": [ 0, 0, 4, 2 ] },
                "up": { "texture": "#crafting_table", "uv": [ 0, 1, 4, 2 ] },
                "down": { "texture": "#crafting_table", "uv": [ 0, 1, 4, 2 ] }
            }
        },
        {
            "name": "Element",
            "from": [ 4, 11, 12 ], 
            "to": [ 12, 14, 14 ], 
            "faces": {
                "north": { "texture": "#crafting_table", "uv": [ 0, 2, 4, 4 ] },
                "south": { "texture": "#crafting_table", "uv": [ 0, 2, 4, 4 ] },
                "up": { "texture": "#crafting_table", "uv": [ 0, 3, 4, 4 ] },
                "down": { "texture": "#crafting_table", "uv": [ 0, 3, 4, 4 ] }
            }
        },
        {
            "name": "Element",
            "from": [ 4, 6, 12 ], 
            "to": [ 12, 9, 14 ], 
            "faces": {
                "south": { "texture": "#crafting_table", "uv": [ 0, 0, 5, 2 ] },
                "up": { "texture": "#crafting_table", "uv": [ 0, 0, 8, 2 ] },
                "down": { "texture": "#crafting_table", "uv": [ 0, 0, 8, 2 ] }
            }
        }
    ]
}