{
	"credit": "Made with Blockbench",
	"textures": {
		"crafting_table": "trewrite:block/chairs/obsidian"
	},
	"elements": [
		{
			"name": "Element",
			"from": [2, 0, 12],
			"to": [4, 16, 14],
			"faces": {
				"north": {"uv": [7, 0, 8, 8], "texture": "#crafting_table"},
				"east": {"uv": [7, 0, 8, 8], "texture": "#crafting_table"},
				"south": {"uv": [7, 0, 8, 8], "texture": "#crafting_table"},
				"west": {"uv": [7, 0, 8, 8], "texture": "#crafting_table"},
				"down": {"uv": [7, 0, 8, 1], "texture": "#crafting_table"}
			}
		},
		{
			"name": "Element",
			"from": [12, 0, 12],
			"to": [14, 16, 14],
			"faces": {
				"north": {"uv": [7, 0, 8, 8], "texture": "#crafting_table"},
				"east": {"uv": [7, 0, 8, 8], "texture": "#crafting_table"},
				"south": {"uv": [7, 0, 8, 8], "texture": "#crafting_table"},
				"west": {"uv": [7, 0, 8, 8], "texture": "#crafting_table"},
				"down": {"uv": [7, 0, 8, 1], "texture": "#crafting_table"}
			}
		},
		{
			"name": "Element",
			"from": [11.8, 0, 2.1],
			"to": [13.8, 8, 4.1],
			"faces": {
				"north": {"uv": [7, 0, 8, 4], "texture": "#crafting_table"},
				"east": {"uv": [7, 0, 8, 4], "texture": "#crafting_table"},
				"south": {"uv": [7, 0, 8, 4], "texture": "#crafting_table"},
				"west": {"uv": [7, 0, 8, 4], "texture": "#crafting_table"},
				"down": {"uv": [7, 0, 8, 1], "texture": "#crafting_table"}
			}
		},
		{
			"name": "Element",
			"from": [2.2, 0, 2.2],
			"to": [4.2, 8, 4.2],
			"faces": {
				"north": {"uv": [7, 0, 8, 4], "texture": "#crafting_table"},
				"east": {"uv": [7, 0, 8, 4], "texture": "#crafting_table"},
				"south": {"uv": [7, 0, 8, 4], "texture": "#crafting_table"},
				"west": {"uv": [7, 0, 8, 4], "texture": "#crafting_table"},
				"down": {"uv": [7, 0, 8, 1], "texture": "#crafting_table"}
			}
		},
		{
			"name": "Element",
			"from": [12, 16, 12],
			"to": [14, 23, 14],
			"faces": {
				"north": {"uv": [7, 0, 8, 4], "texture": "#crafting_table"},
				"east": {"uv": [7, 0, 8, 4], "texture": "#crafting_table"},
				"south": {"uv": [7, 0, 8, 4], "texture": "#crafting_table"},
				"west": {"uv": [7, 0, 8, 4], "texture": "#crafting_table"},
				"up": {"uv": [7, 0, 8, 1], "texture": "#crafting_table"}
			}
		},
		{
			"name": "Element",
			"from": [2, 16, 12],
			"to": [4, 23, 14],
			"faces": {
				"north": {"uv": [7, 0, 8, 4], "texture": "#crafting_table"},
				"east": {"uv": [7, 0, 8, 4], "texture": "#crafting_table"},
				"south": {"uv": [7, 0, 8, 4], "texture": "#crafting_table"},
				"west": {"uv": [7, 0, 8, 4], "texture": "#crafting_table"},
				"up": {"uv": [7, 0, 8, 1], "texture": "#crafting_table"}
			}
		},
		{
			"name": "Element",
			"from": [2, 6, 2],
			"to": [14, 9, 12],
			"faces": {
				"north": {"uv": [9, 6, 15, 8], "texture": "#crafting_table"},
				"east": {"uv": [9, 6, 15, 8], "texture": "#crafting_table"},
				"south": {"uv": [9, 6, 15, 8], "texture": "#crafting_table"},
				"west": {"uv": [9, 6, 15, 8], "texture": "#crafting_table"},
				"up": {"uv": [8, 8, 16, 16], "texture": "#crafting_table"},
				"down": {"uv": [0, 0, 7, 6], "texture": "#crafting_table"}
			}
		},
		{
			"name": "Element",
			"from": [2, 8, 2],
			"to": [14, 8, 12],
			"faces": {
				"north": {"uv": [9, 6, 15, 8], "texture": "#crafting_table"},
				"east": {"uv": [9, 6, 15, 8], "texture": "#crafting_table"},
				"south": {"uv": [0, 0, 8, 2], "texture": "#crafting_table"},
				"west": {"uv": [9, 6, 15, 8], "texture": "#crafting_table"},
				"up": {"uv": [8, 8, 16, 16], "texture": "#crafting_table"},
				"down": {"uv": [8, 8, 16, 16], "texture": "#crafting_table"}
			}
		},
		{
			"name": "Element",
			"from": [4, 10, 12.4],
			"to": [12, 22, 13.4],
			"faces": {
				"north": {"uv": [10, 10, 14, 16], "texture": "#crafting_table"},
				"south": {"uv": [10, 10, 14, 16], "texture": "#crafting_table"},
				"up": {"uv": [8, 15, 12, 15.5], "texture": "#crafting_table"},
				"down": {"uv": [8, 15, 12, 15.5], "texture": "#crafting_table"}
			}
		},
		{
			"name": "Element",
			"from": [4, 6, 12],
			"to": [12, 9, 14],
			"faces": {
				"north": {"uv": [8, 14.5, 12.5, 16], "texture": "#crafting_table"},
				"south": {"uv": [8, 14.5, 12.5, 16], "texture": "#crafting_table"},
				"up": {"uv": [8, 14, 16, 16], "texture": "#crafting_table"},
				"down": {"uv": [8, 14, 16, 16], "texture": "#crafting_table"}
			}
		}
	],
	"display": {
		"thirdperson_righthand": {
			"translation": [0, -3.75, -2.75],
			"scale": [0.5, 0.5, 0.5]
		},
		"firstperson_righthand": {
			"scale": [0.5, 0.5, 0.5]
		},
		"ground": {
			"scale": [0.5, 0.5, 0.5]
		},
		"gui": {
			"translation": [0, -2, 0],
			"scale": [0.5, 0.5, 0.5]
		},
		"head": {
			"translation": [0, 10, 0],
			"scale": [0.5, 0.5, 0.5]
		},
		"fixed": {
			"translation": [0, 0, -4.25],
			"scale": [0.5, 0.5, 0.5]
		}
	}
}