{
	"credit": "Made with Blockbench",
	"textures": {
		"0": "trewrite:block/dressers/obsidian",
		"particle": "trewrite:block/dressers/obsidian"
	},
	"elements": [
		{
			"from": [0, 0, 3],
			"to": [15, 16, 3],
			"rotation": {"angle": 0, "axis": "y", "origin": [0, 8, 8]},
			"faces": {
				"north": {"uv": [0, 8, 8, 16], "texture": "#0"},
				"east": {"uv": [0, 0, 1, 16], "texture": "#missing"},
				"south": {"uv": [16, 8, 8.5, 16], "texture": "#0"},
				"west": {"uv": [0, 0, 1, 16], "texture": "#missing"},
				"up": {"uv": [0, 0, 15, 1], "texture": "#missing"},
				"down": {"uv": [0, 0, 15, 1], "texture": "#missing"}
			}
		},
		{
			"from": [0, 0, 14],
			"to": [15, 16, 14],
			"rotation": {"angle": 0, "axis": "y", "origin": [0, 8, 19]},
			"faces": {
				"north": {"uv": [0, 8, 8, 16], "texture": "#0"},
				"east": {"uv": [0, 0, 1, 16], "texture": "#missing"},
				"south": {"uv": [16, 8, 8.5, 16], "texture": "#0"},
				"west": {"uv": [0, 0, 1, 16], "texture": "#missing"},
				"up": {"uv": [0, 0, 15, 1], "texture": "#missing"},
				"down": {"uv": [0, 0, 15, 1], "texture": "#missing"}
			}
		},
		{
			"from": [0, 16, 2],
			"to": [16, 19, 15],
			"rotation": {"angle": 0, "axis": "y", "origin": [0, 8, 8]},
			"faces": {
				"north": {"uv": [0, 6.5, 8, 8], "texture": "#0"},
				"east": {"uv": [6.5, 4.5, 0, 6], "texture": "#0"},
				"south": {"uv": [0, 4.5, 8, 6], "texture": "#0"},
				"west": {"uv": [0, 4.5, 7, 6], "texture": "#0"},
				"up": {"uv": [8, 0, 16, 6.5], "texture": "#0"},
				"down": {"uv": [8, 0, 16, 6.5], "texture": "#0"}
			}
		},
		{
			"from": [0, 3, 3.1],
			"to": [14, 16, 13.9],
			"rotation": {"angle": 0, "axis": "y", "origin": [0, 8, 8]},
			"faces": {
				"north": {"uv": [0, 6.5, 8, 8], "texture": "#0"},
				"east": {"uv": [13, 2, 8, 8], "texture": "#0"},
				"south": {"uv": [0, 4.5, 8, 6], "texture": "#0"},
				"west": {"uv": [0, 4.5, 7, 6], "texture": "#0"},
				"up": {"uv": [8, 0, 16, 6.5], "texture": "#0"},
				"down": {"uv": [9, 2.5, 16, 8], "texture": "#0"}
			}
		}
	]
}