{
    "variants": {
        "age=0": { "model": "trewrite:block/trees/logs/forest_log_bottom" },
		"age=1": { "model": "trewrite:block/trees/logs/forest_log" },
		"age=2": { "model": "trewrite:block/trees/logs/forest_log_branch" },
		"age=3": { "model": "trewrite:block/trees/logs/forest_log_branch", "y": 90 },
		"age=4": { "model": "trewrite:block/trees/logs/forest_log_branch", "y": 180 },
		"age=5": { "model": "trewrite:block/trees/logs/forest_log_branch", "y": 270 },
		"age=6": { "model": "trewrite:block/trees/forest_leaves" }
    }
}
