{
    "__comment": "Model generated using MrCrayfish's Model Creator (https://mrcrayfish.com/tools?id=mc)",
    "textures": {
        "chain": "trewrite:block/chain"
    },
    "display": {
        "gui": {
            "rotation": [ 30, 45, 0 ],
            "translation": [ 0, 0, 0 ],
            "scale": [ 0.625, 0.625, 0.625 ]
        },
        "ground": {
            "rotation": [ 0, 0, 0 ],
            "translation": [ 0, 3, 0 ],
            "scale": [ 0.25, 0.25, 0.25 ]
        },
        "fixed": {
            "rotation": [ 0, 180, 0 ],
            "translation": [ 0, 0, 0 ],
            "scale": [ 1, 1, 1 ]
        },
        "head": {
            "rotation": [ 0, 180, 0 ],
            "translation": [ 0, 0, 0 ],
            "scale": [ 1, 1, 1 ]
        },
        "firstperson_righthand": {
            "rotation": [ 0, 315, 0 ],
            "translation": [ 0, 2.5, 0 ],
            "scale": [ 0.4, 0.4, 0.4 ]
        },
        "thirdperson_righthand": {
            "rotation": [ 75, 315, 0 ],
            "translation": [ 0, 2.5, 0 ],
            "scale": [ 0.375, 0.375, 0.375 ]
        }
    },
    "elements": [
        {
            "name": "Cube",
            "from": [ 7, 0, 5 ], 
            "to": [ 9, 6, 11 ], 
            "faces": {
                "north": { "texture": "#chain", "uv": [ 0, 0, 2, 6 ] },
                "east": { "texture": "#chain", "uv": [ 4, 0, 8, 6 ] },
                "south": { "texture": "#chain", "uv": [ 0, 0, 2, 6 ] },
                "west": { "texture": "#chain", "uv": [ 4, 0, 8, 6 ] },
                "up": { "texture": "#chain", "uv": [ 2, 0, 4, 4 ] },
                "down": { "texture": "#chain", "uv": [ 2, 0, 4, 4 ] }
            }
        },
        {
            "name": "Cube",
            "from": [ 5, 0, 7 ], 
            "to": [ 11, 2, 9 ], 
            "rotation": { "origin": [ 8, 8, 8 ], "axis": "y", "angle": 45.0 },
            "faces": {
                "north": { "texture": "#chain", "uv": [ 4, 0, 8, 2 ] },
                "east": { "texture": "#chain", "uv": [ 0, 0, 2, 2 ] },
                "south": { "texture": "#chain", "uv": [ 4, 0, 8, 2 ] },
                "west": { "texture": "#chain", "uv": [ 0, 0, 2, 2 ] },
                "up": { "texture": "#chain", "uv": [ 0, 0, 4, 2 ] },
                "down": { "texture": "#chain", "uv": [ 0, 0, 4, 2 ] }
            }
        },
        {
            "name": "Cube",
            "from": [ 5, 4, 7 ], 
            "to": [ 11, 10, 9 ], 
            "rotation": { "origin": [ 8, 8, 8 ], "axis": "y", "angle": 22.5 },
            "faces": {
                "north": { "texture": "#chain", "uv": [ 4, 0, 8, 6 ] },
                "east": { "texture": "#chain", "uv": [ 0, 0, 2, 6 ] },
                "south": { "texture": "#chain", "uv": [ 4, 0, 8, 6 ] },
                "west": { "texture": "#chain", "uv": [ 0, 0, 2, 6 ] },
                "up": { "texture": "#chain", "uv": [ 4, 0, 8, 2 ] },
                "down": { "texture": "#chain", "uv": [ 4, 0, 8, 2 ] }
            }
        },
        {
            "name": "Cube",
            "from": [ 7, 8, 5 ], 
            "to": [ 9, 14, 11 ], 
            "rotation": { "origin": [ 8, 8, 8 ], "axis": "y", "angle": 45.0 },
            "faces": {
                "north": { "texture": "#chain", "uv": [ 0, 0, 2, 6 ] },
                "east": { "texture": "#chain", "uv": [ 4, 0, 8, 6 ] },
                "south": { "texture": "#chain", "uv": [ 0, 0, 2, 6 ] },
                "west": { "texture": "#chain", "uv": [ 4, 0, 8, 6 ] },
                "up": { "texture": "#chain", "uv": [ 2, 0, 4, 4 ] },
                "down": { "texture": "#chain", "uv": [ 2, 0, 4, 4 ] }
            }
        },
        {
            "name": "Cube",
            "from": [ 5, 12, 7 ], 
            "to": [ 11, 16, 9 ], 
            "rotation": { "origin": [ 8, 8, 8 ], "axis": "y", "angle": 45.0 },
            "faces": {
                "north": { "texture": "#chain", "uv": [ 4, 2, 8, 6 ] },
                "east": { "texture": "#chain", "uv": [ 0, 2, 2, 6 ] },
                "south": { "texture": "#chain", "uv": [ 4, 2, 8, 6 ] },
                "west": { "texture": "#chain", "uv": [ 0, 2, 2, 6 ] },
                "up": { "texture": "#chain", "uv": [ 4, 2, 8, 4 ] },
                "down": { "texture": "#chain", "uv": [ 4, 4, 8, 6 ] }
            }
        }
    ]
}