{
	"credit": "Made with Blockbench",
	"textures": {
		"0": "trewrite:block/modeled/piggy_bank",
		"particle": "trewrite:block/modeled/piggy_bank"
	},
	"elements": [
		{
			"from": [0, 3, 5],
			"to": [6, 11, 13],
			"faces": {
				"north": {"uv": [0, 4.5, 3, 8.5], "texture": "#0"},
				"east": {"uv": [4.5, 0, 8.5, 4], "texture": "#0"},
				"south": {"uv": [0, 4.5, 3, 8.5], "texture": "#0"},
				"west": {"uv": [0, 0, 4, 4], "texture": "#0"},
				"up": {"uv": [3.5, 4.5, 7.5, 7.5], "texture": "#0"},
				"down": {"uv": [3.5, 4.5, 7.5, 7.5], "texture": "#0"}
			}
		},
		{
			"from": [-1, 5, 7],
			"to": [0, 7, 11],
			"faces": {
				"north": {"uv": [0, 0.5, 0.5, 1.5], "texture": "#0"},
				"east": {"uv": [0, 0, 2, 2], "texture": "#missing"},
				"south": {"uv": [0, 0.5, 0.5, 1.5], "texture": "#0"},
				"west": {"uv": [5.5, 9, 7.5, 10], "texture": "#0"},
				"up": {"uv": [0, 0.5, 0.5, 1.5], "texture": "#0"},
				"down": {"uv": [0, 1.5, 0.5, 2.5], "texture": "#0"}
			}
		},
		{
			"from": [6, 2, 5],
			"to": [14, 10, 13],
			"faces": {
				"north": {"uv": [9, 0, 14, 4], "texture": "#0"},
				"east": {"uv": [10.5, 4.5, 14.5, 8.5], "texture": "#0"},
				"south": {"uv": [9, 0, 14, 4], "texture": "#0"},
				"west": {"uv": [4.5, 0, 8.5, 4], "texture": "#0"},
				"up": {"uv": [0, 9, 5, 13], "texture": "#0"},
				"down": {"uv": [9, 0, 14, 4], "texture": "#0"}
			}
		},
		{
			"from": [6, 0, 10],
			"to": [9, 2, 13],
			"faces": {
				"north": {"uv": [8.5, 4.5, 10, 5.5], "texture": "#0"},
				"east": {"uv": [8.5, 4.5, 10, 5.5], "texture": "#0"},
				"south": {"uv": [8.5, 4.5, 10, 5.5], "texture": "#0"},
				"west": {"uv": [8.5, 4.5, 10, 5.5], "texture": "#0"},
				"up": {"uv": [9, 0, 14, 4], "texture": "#0"},
				"down": {"uv": [8.5, 6, 10, 7.5], "rotation": 90, "texture": "#0"}
			}
		},
		{
			"from": [6, 0, 5],
			"to": [9, 2, 8],
			"faces": {
				"north": {"uv": [8.5, 4.5, 10, 5.5], "texture": "#0"},
				"east": {"uv": [8.5, 4.5, 10, 5.5], "texture": "#0"},
				"south": {"uv": [8.5, 4.5, 10, 5.5], "texture": "#0"},
				"west": {"uv": [8.5, 4.5, 10, 5.5], "texture": "#0"},
				"up": {"uv": [9, 0, 14, 4], "texture": "#0"},
				"down": {"uv": [8.5, 6, 10, 7.5], "rotation": 90, "texture": "#0"}
			}
		},
		{
			"from": [11, 0, 5],
			"to": [14, 2, 8],
			"faces": {
				"north": {"uv": [8.5, 4.5, 10, 5.5], "texture": "#0"},
				"east": {"uv": [8.5, 4.5, 10, 5.5], "texture": "#0"},
				"south": {"uv": [8.5, 4.5, 10, 5.5], "texture": "#0"},
				"west": {"uv": [8.5, 4.5, 10, 5.5], "texture": "#0"},
				"up": {"uv": [9, 0, 14, 4], "texture": "#0"},
				"down": {"uv": [8.5, 6, 10, 7.5], "rotation": 90, "texture": "#0"}
			}
		},
		{
			"from": [11, 0, 10],
			"to": [14, 2, 13],
			"faces": {
				"north": {"uv": [8.5, 4.5, 10, 5.5], "texture": "#0"},
				"east": {"uv": [8.5, 4.5, 10, 5.5], "texture": "#0"},
				"south": {"uv": [8.5, 4.5, 10, 5.5], "texture": "#0"},
				"west": {"uv": [8.5, 4.5, 10, 5.5], "texture": "#0"},
				"up": {"uv": [9, 0, 14, 4], "texture": "#0"},
				"down": {"uv": [8.5, 6, 10, 7.5], "rotation": 90, "texture": "#0"}
			}
		}
	],
	"display": {
		"thirdperson_righthand": {
			"scale": [0.5, 0.5, 0]
		},
		"thirdperson_lefthand": {
			"scale": [0.5, 0.5, 0]
		},
		"firstperson_righthand": {
			"scale": [1, 1, 0]
		},
		"firstperson_lefthand": {
			"scale": [1, 1, 0]
		},
		"ground": {
			"translation": [0, 3.25, 0],
			"scale": [0.5, 0.5, 0]
		},
		"gui": {
			"rotation": [0, -180, 0],
			"translation": [-1.5, 1.75, 0]
		},
		"head": {
			"rotation": [0, -90, 0],
			"translation": [1, 14, -1]
		},
		"fixed": {
			"translation": [0, 2.25, 0],
			"scale": [1, 1, 0]
		}
	}
}