{
	"credit": "Made with Blockbench",
	"textures": {
		"0": "trewrite:block/modeled/sunflower",
		"particle": "trewrite:block/modeled/sunflower"
	},
	"elements": [
		{
			"from": [8, 0, 0],
			"to": [8, 16, 16],
			"faces": {
				"north": {"uv": [0, 0, 0, 16], "texture": "#missing"},
				"east": {"uv": [6, 12, 10, 16], "texture": "#0"},
				"south": {"uv": [0, 0, 0, 16], "texture": "#missing"},
				"west": {"uv": [6, 12, 10, 16], "texture": "#0"},
				"up": {"uv": [0, 0, 16, 0], "rotation": 270, "texture": "#missing"},
				"down": {"uv": [0, 0, 16, 0], "rotation": 90, "texture": "#missing"}
			}
		},
		{
			"from": [0, 16, 8],
			"to": [16, 24, 8],
			"faces": {
				"north": {"uv": [6, 10, 10, 12], "texture": "#0"},
				"east": {"uv": [0, 0, 0, 16], "texture": "#missing"},
				"south": {"uv": [6, 10, 10, 12], "texture": "#0"},
				"west": {"uv": [0, 0, 0, 16], "texture": "#missing"},
				"up": {"uv": [0, 0, 16, 0], "texture": "#missing"},
				"down": {"uv": [0, 0, 16, 0], "texture": "#missing"}
			}
		},
		{
			"from": [0, 17, 6.9],
			"to": [16, 31, 6.9],
			"faces": {
				"north": {"uv": [6, 5.25, 10, 8.75], "texture": "#0"},
				"east": {"uv": [0, 0, 0, 16], "texture": "#missing"},
				"south": {"uv": [6, 5.25, 10, 8.75], "texture": "#0"},
				"west": {"uv": [0, 0, 0, 16], "texture": "#missing"},
				"up": {"uv": [0, 0, 16, 0], "texture": "#missing"},
				"down": {"uv": [0, 0, 16, 0], "texture": "#missing"}
			}
		},
		{
			"from": [0, 0, 8],
			"to": [16, 16, 8],
			"faces": {
				"north": {"uv": [6, 12, 10, 16], "texture": "#0"},
				"east": {"uv": [0, 0, 0, 16], "texture": "#missing"},
				"south": {"uv": [6, 12, 10, 16], "texture": "#0"},
				"west": {"uv": [0, 0, 0, 16], "texture": "#missing"},
				"up": {"uv": [0, 0, 16, 0], "texture": "#missing"},
				"down": {"uv": [0, 0, 16, 0], "texture": "#missing"}
			}
		},
		{
			"from": [8, 16, 7],
			"to": [8, 24, 13],
			"faces": {
				"north": {"uv": [0, 0, 0, 16], "texture": "#missing"},
				"east": {"uv": [6.75, 10, 8.25, 12], "texture": "#0"},
				"south": {"uv": [0, 0, 0, 16], "texture": "#missing"},
				"west": {"uv": [7.75, 9.75, 9.25, 12], "texture": "#0"},
				"up": {"uv": [0, 0, 16, 0], "rotation": 270, "texture": "#missing"},
				"down": {"uv": [0, 0, 16, 0], "rotation": 90, "texture": "#missing"}
			}
		}
	],
	"display": {
		"thirdperson_righthand": {
			"scale": [0.5, 0.5, 0]
		},
		"thirdperson_lefthand": {
			"scale": [0.5, 0.5, 0]
		},
		"firstperson_righthand": {
			"scale": [0.5, 0.5, 0]
		},
		"firstperson_lefthand": {
			"scale": [0.5, 0.5, 0]
		},
		"ground": {
			"scale": [0.5, 0.5, 0]
		},
		"gui": {
			"rotation": [0, -180, 0],
			"translation": [0, -3.5, 0],
			"scale": [0.5, 0.5, 0]
		},
		"fixed": {
			"translation": [0, -3.25, -0.25],
			"scale": [0.5, 0.5, 0]
		}
	}
}