{
	"credit": "Made with Blockbench",
	"textures": {
		"particle": "trewrite:block/workbenches/obsidian",
		"crafting_table": "trewrite:block/workbenches/obsidian"
	},
	"elements": [
		{
			"from": [0, 12, 0],
			"to": [16, 16, 16],
			"faces": {
				"north": {"uv": [0, 6, 8, 8], "texture": "#crafting_table"},
				"east": {"uv": [0, 6, 8, 8], "texture": "#crafting_table"},
				"south": {"uv": [0, 6, 8, 8], "texture": "#crafting_table"},
				"west": {"uv": [0, 6, 8, 8], "texture": "#crafting_table"},
				"up": {"uv": [8, 8, 16, 16], "texture": "#crafting_table"},
				"down": {"uv": [8, 8, 16, 16], "texture": "#crafting_table"}
			}
		},
		{
			"from": [4, 3, 4],
			"to": [12, 12, 12],
			"faces": {
				"north": {"uv": [0, 8, 4, 12.5], "texture": "#crafting_table"},
				"east": {"uv": [0, 8, 4, 12.5], "texture": "#crafting_table"},
				"south": {"uv": [0, 8, 4, 12.5], "texture": "#crafting_table"},
				"west": {"uv": [0, 8, 4, 12.5], "texture": "#crafting_table"},
				"up": {"uv": [4, 8, 8, 12], "texture": "#crafting_table"},
				"down": {"uv": [4, 8, 8, 12], "texture": "#crafting_table"}
			}
		},
		{
			"from": [1, 0, 1],
			"to": [15, 13, 15],
			"faces": {
				"north": {"uv": [0, 0.5, 8, 8], "texture": "#crafting_table"},
				"east": {"uv": [0, 0.5, 8, 8], "texture": "#crafting_table"},
				"south": {"uv": [0, 0.5, 8, 8], "texture": "#crafting_table"},
				"west": {"uv": [0, 0.5, 8, 8], "texture": "#crafting_table"},
				"up": {"uv": [8, 0, 16, 8], "texture": "#crafting_table"},
				"down": {"uv": [8, 8, 16, 16], "texture": "#crafting_table"}
			}
		}
	]
}