{
	"credit": "Made with Blockbench",
	"textures": {
		"1": "trewrite:block/mushroom_stem",
		"1_0": "trewrite:block/mushroom_stem",
		"particle": "trewrite:block/mushroom_stem"
	},
	"elements": [
		{
			"from": [4, 0, 4],
			"to": [12, 16, 12],
			"faces": {
				"north": {"uv": [4, 0, 12, 16], "texture": "#1_0"},
				"east": {"uv": [4, 0, 12, 16], "texture": "#1_0"},
				"south": {"uv": [4, 0, 12, 16], "texture": "#1_0"},
				"west": {"uv": [4, 0, 12, 16], "texture": "#1_0"},
				"up": {"uv": [4, 4, 12, 12], "texture": "#1"},
				"down": {"uv": [4, 4, 12, 12], "texture": "#1"}
			}
		}
	],
	"groups": [
		{
			"name": "boreal_log",
			"origin": [8, 8, 8],
			"children": [0]
		}
	]
}