{
	"credit": "Made with Blockbench",
	"textures": {
		"0": "trewrite:block/clocks/obsidian/bottom_back",
		"1": "trewrite:block/clocks/obsidian/bottom_front",
		"2": "trewrite:block/clocks/obsidian/bottom_side",
		"particle": "trewrite:block/clocks/obsidian/bottom_back"
	},
	"elements": [
		{
			"from": [3, 2, 4],
			"to": [13, 16, 12],
			"faces": {
				"north": {"uv": [0, 0, 10, 14], "texture": "#1"},
				"east": {"uv": [0, 0, 8, 14], "texture": "#2"},
				"south": {"uv": [0, 0, 10, 14], "texture": "#0"},
				"west": {"uv": [0, 0, 8, 14], "texture": "#2"},
				"up": {"uv": [11, 7, 13, 9], "texture": "#2"},
				"down": {"uv": [11, 9, 13, 11], "texture": "#2"}
			}
		},
		{
			"from": [3, 2, 3.5],
			"to": [4, 16, 4],
			"faces": {
				"north": {"uv": [11, 9, 13, 11], "texture": "#1"},
				"east": {"uv": [11, 9, 13, 11], "texture": "#1"},
				"south": {"uv": [0, 0, 10, 14], "texture": "#0"},
				"west": {"uv": [11, 9, 13, 11], "texture": "#1"},
				"up": {"uv": [11, 7, 13, 9], "texture": "#2"},
				"down": {"uv": [11, 9, 13, 11], "texture": "#1"}
			}
		},
		{
			"from": [12, 2, 3.5],
			"to": [13, 16, 4],
			"faces": {
				"north": {"uv": [11, 9, 13, 11], "texture": "#1"},
				"east": {"uv": [11, 9, 13, 11], "texture": "#1"},
				"south": {"uv": [0, 0, 10, 14], "texture": "#0"},
				"west": {"uv": [11, 9, 13, 11], "texture": "#1"},
				"up": {"uv": [11, 7, 13, 9], "texture": "#2"},
				"down": {"uv": [11, 9, 13, 11], "texture": "#1"}
			}
		},
		{
			"from": [4, 2, 3.5],
			"to": [12, 3, 4],
			"faces": {
				"north": {"uv": [11, 9, 13, 11], "texture": "#1"},
				"east": {"uv": [11, 9, 13, 11], "texture": "#1"},
				"south": {"uv": [0, 0, 10, 14], "texture": "#0"},
				"west": {"uv": [11, 9, 13, 11], "texture": "#1"},
				"up": {"uv": [11, 7, 13, 9], "texture": "#2"},
				"down": {"uv": [11, 9, 13, 11], "texture": "#1"}
			}
		},
		{
			"from": [5, 6, 3.5],
			"to": [11, 7, 4],
			"faces": {
				"north": {"uv": [11, 9, 13, 11], "texture": "#1"},
				"east": {"uv": [11, 9, 13, 11], "texture": "#1"},
				"south": {"uv": [0, 0, 10, 14], "texture": "#0"},
				"west": {"uv": [11, 9, 13, 11], "texture": "#1"},
				"up": {"uv": [11, 7, 13, 9], "texture": "#2"},
				"down": {"uv": [11, 9, 13, 11], "texture": "#1"}
			}
		},
		{
			"from": [10, 7, 3.5],
			"to": [11, 16, 4],
			"faces": {
				"north": {"uv": [11, 9, 13, 11], "texture": "#1"},
				"east": {"uv": [11, 9, 13, 11], "texture": "#1"},
				"south": {"uv": [0, 0, 10, 14], "texture": "#0"},
				"west": {"uv": [11, 9, 13, 11], "texture": "#1"},
				"up": {"uv": [11, 7, 13, 9], "texture": "#2"},
				"down": {"uv": [11, 9, 13, 11], "texture": "#1"}
			}
		},
		{
			"from": [5, 7, 3.5],
			"to": [6, 16, 4],
			"faces": {
				"north": {"uv": [11, 9, 13, 11], "texture": "#1"},
				"east": {"uv": [11, 9, 13, 11], "texture": "#1"},
				"south": {"uv": [0, 0, 10, 14], "texture": "#0"},
				"west": {"uv": [11, 9, 13, 11], "texture": "#1"},
				"up": {"uv": [11, 7, 13, 9], "texture": "#2"},
				"down": {"uv": [11, 9, 13, 11], "texture": "#1"}
			}
		},
		{
			"from": [8, 8, 3.5],
			"to": [9, 16, 4],
			"faces": {
				"north": {"uv": [4, 0, 5, 8], "texture": "#1"},
				"east": {"uv": [4, 0, 5, 8], "texture": "#1"},
				"south": {"uv": [0, 0, 10, 14], "texture": "#0"},
				"west": {"uv": [4, 0, 5, 8], "texture": "#1"},
				"up": {"uv": [4, 0, 5, 1], "texture": "#1"},
				"down": {"uv": [4, 7, 5, 8], "texture": "#1"}
			}
		},
		{
			"from": [9, 8, 3.5],
			"to": [10, 11, 4],
			"faces": {
				"north": {"uv": [3, 5, 4, 8], "texture": "#1"},
				"east": {"uv": [4, 0, 5, 8], "texture": "#1"},
				"south": {"uv": [0, 0, 10, 14], "texture": "#0"},
				"west": {"uv": [4, 0, 5, 8], "texture": "#1"},
				"up": {"uv": [3, 5, 4, 6], "texture": "#1"},
				"down": {"uv": [3, 7, 4, 8], "texture": "#1"}
			}
		},
		{
			"from": [7, 8, 3.5],
			"to": [8, 11, 4],
			"faces": {
				"north": {"uv": [5, 5, 6, 8], "texture": "#1"},
				"east": {"uv": [4, 0, 5, 8], "texture": "#1"},
				"south": {"uv": [0, 0, 10, 14], "texture": "#0"},
				"west": {"uv": [5, 5, 6, 8], "texture": "#1"},
				"up": {"uv": [5, 5, 6, 6], "texture": "#1"},
				"down": {"uv": [5, 7, 6, 8], "texture": "#1"}
			}
		},
		{
			"from": [1, 0, 5],
			"to": [6, 2, 11],
			"faces": {
				"north": {"uv": [1, 8, 6, 10], "texture": "#0"},
				"east": {"uv": [11, 9, 13, 11], "texture": "#2"},
				"south": {"uv": [1, 8, 6, 10], "texture": "#0"},
				"west": {"uv": [1, 8, 9, 10], "texture": "#0"},
				"up": {"uv": [2, 5, 7, 13], "texture": "#0"},
				"down": {"uv": [11, 9, 13, 11], "texture": "#2"}
			}
		},
		{
			"from": [10, 0, 5],
			"to": [15, 2, 12],
			"faces": {
				"north": {"uv": [1, 8, 6, 10], "texture": "#0"},
				"east": {"uv": [1, 8, 9, 10], "texture": "#0"},
				"south": {"uv": [1, 8, 6, 10], "texture": "#0"},
				"west": {"uv": [11, 9, 13, 11], "texture": "#2"},
				"up": {"uv": [2, 5, 7, 13], "texture": "#0"},
				"down": {"uv": [11, 9, 13, 11], "texture": "#2"}
			}
		},
		{
			"from": [0, 1, 5],
			"to": [1, 3, 11],
			"faces": {
				"north": {"uv": [1, 6, 2, 8], "texture": "#2"},
				"east": {"uv": [11, 7, 13, 9], "texture": "#2"},
				"south": {"uv": [1, 6, 2, 8], "texture": "#2"},
				"west": {"uv": [1, 8, 9, 10], "texture": "#0"},
				"up": {"uv": [1, 5, 2, 13], "texture": "#2"},
				"down": {"uv": [1, 5, 2, 13], "texture": "#2"}
			}
		},
		{
			"from": [15, 1, 5],
			"to": [16, 3, 11],
			"faces": {
				"north": {"uv": [1, 6, 2, 8], "texture": "#2"},
				"east": {"uv": [1, 8, 9, 10], "texture": "#0"},
				"south": {"uv": [1, 6, 2, 8], "texture": "#2"},
				"west": {"uv": [11, 7, 13, 9], "texture": "#2"},
				"up": {"uv": [1, 5, 2, 13], "texture": "#2"},
				"down": {"uv": [1, 5, 2, 13], "texture": "#2"}
			}
		},
		{
			"from": [2, 4, 5],
			"to": [3, 10, 11],
			"faces": {
				"north": {"uv": [5, 7, 6, 13], "texture": "#2"},
				"east": {"uv": [0, 0, 6, 6], "texture": "#missing"},
				"south": {"uv": [5, 7, 6, 13], "texture": "#2"},
				"west": {"uv": [1, 7, 7, 13], "texture": "#2"},
				"up": {"uv": [1, 7, 2, 13], "texture": "#2"},
				"down": {"uv": [11, 9, 13, 11], "texture": "#2"}
			}
		},
		{
			"from": [1, 8, 5],
			"to": [2, 9, 11],
			"faces": {
				"north": {"uv": [11, 7, 13, 9], "texture": "#2"},
				"east": {"uv": [0, 0, 6, 1], "texture": "#missing"},
				"south": {"uv": [11, 7, 13, 9], "texture": "#2"},
				"west": {"uv": [1, 7, 7, 8], "texture": "#2"},
				"up": {"uv": [1, 7, 2, 13], "texture": "#2"},
				"down": {"uv": [1, 7, 2, 13], "texture": "#2"}
			}
		},
		{
			"from": [14, 8, 5],
			"to": [15, 9, 11],
			"faces": {
				"north": {"uv": [11, 7, 13, 9], "texture": "#2"},
				"east": {"uv": [1, 7, 7, 8], "texture": "#2"},
				"south": {"uv": [11, 7, 13, 9], "texture": "#2"},
				"west": {"uv": [0, 0, 6, 1], "texture": "#missing"},
				"up": {"uv": [1, 7, 2, 13], "texture": "#2"},
				"down": {"uv": [1, 7, 2, 13], "texture": "#2"}
			}
		},
		{
			"from": [13, 4, 5],
			"to": [14, 10, 11],
			"faces": {
				"north": {"uv": [5, 7, 6, 13], "texture": "#2"},
				"east": {"uv": [1, 7, 7, 13], "texture": "#2"},
				"south": {"uv": [5, 7, 6, 13], "texture": "#2"},
				"west": {"uv": [0, 0, 6, 6], "texture": "#missing"},
				"up": {"uv": [1, 7, 2, 13], "texture": "#2"},
				"down": {"uv": [11, 9, 13, 11], "texture": "#2"}
			}
		}
	]
}