{
	"credit": "Made with Blockbench",
	"textures": {
		"0": "trewrite:block/clocks/obsidian/top_back",
		"1": "trewrite:block/clocks/obsidian/top_front",
		"2": "trewrite:block/clocks/obsidian/top_side",
		"3": "trewrite:block/clocks/obsidian/top",
		"particle": "trewrite:block/clocks/obsidian/top_back"
	},
	"elements": [
		{
			"from": [3, 0, 4],
			"to": [13, 13, 12],
			"rotation": {"angle": 0, "axis": "y", "origin": [8, 6, 8]},
			"faces": {
				"north": {"uv": [0, 1, 10, 14], "texture": "#1"},
				"east": {"uv": [0, 0, 8, 14], "texture": "#2"},
				"south": {"uv": [0, 1, 10, 14], "texture": "#0"},
				"west": {"uv": [0, 0, 8, 14], "texture": "#2"},
				"up": {"uv": [0, 0, 10, 8], "texture": "#3"},
				"down": {"uv": [11, 9, 13, 11], "texture": "#2"}
			}
		},
		{
			"from": [12, 0, 3.5],
			"to": [13, 13, 4],
			"rotation": {"angle": 0, "axis": "y", "origin": [8, 6, 8]},
			"faces": {
				"north": {"uv": [11, 10, 12, 11], "texture": "#1"},
				"east": {"uv": [11, 10, 12, 11], "texture": "#1"},
				"south": {"uv": [11, 10, 12, 11], "texture": "#1"},
				"west": {"uv": [11, 10, 12, 11], "texture": "#1"},
				"up": {"uv": [11, 10, 12, 11], "texture": "#1"},
				"down": {"uv": [11, 9, 13, 11], "texture": "#1"}
			}
		},
		{
			"from": [3, 0, 3.5],
			"to": [4, 13, 4],
			"rotation": {"angle": 0, "axis": "y", "origin": [8, 6, 8]},
			"faces": {
				"north": {"uv": [11, 10, 12, 11], "texture": "#1"},
				"east": {"uv": [11, 10, 12, 11], "texture": "#1"},
				"south": {"uv": [11, 9, 13, 11], "texture": "#1"},
				"west": {"uv": [11, 10, 12, 11], "texture": "#1"},
				"up": {"uv": [11, 10, 12, 11], "texture": "#1"},
				"down": {"uv": [11, 10, 12, 11], "texture": "#1"}
			}
		},
		{
			"from": [4, 12, 3.5],
			"to": [12, 13, 4],
			"rotation": {"angle": 0, "axis": "y", "origin": [8, 6, 8]},
			"faces": {
				"north": {"uv": [11, 10, 12, 11], "texture": "#1"},
				"east": {"uv": [11, 10, 12, 11], "texture": "#1"},
				"south": {"uv": [11, 10, 12, 11], "texture": "#1"},
				"west": {"uv": [11, 10, 12, 11], "texture": "#1"},
				"up": {"uv": [11, 10, 12, 11], "texture": "#1"},
				"down": {"uv": [11, 9, 13, 11], "texture": "#1"}
			}
		},
		{
			"from": [4, 0, 3.5],
			"to": [12, 1, 4],
			"rotation": {"angle": 0, "axis": "y", "origin": [8, 6, 8]},
			"faces": {
				"north": {"uv": [11, 10, 12, 11], "texture": "#1"},
				"east": {"uv": [11, 9, 13, 11], "texture": "#1"},
				"south": {"uv": [11, 9, 13, 11], "texture": "#1"},
				"west": {"uv": [11, 10, 12, 11], "texture": "#1"},
				"up": {"uv": [11, 9, 13, 11], "texture": "#1"},
				"down": {"uv": [11, 10, 12, 11], "texture": "#1"}
			}
		},
		{
			"from": [4, 5, 3.5],
			"to": [5, 6, 4],
			"rotation": {"angle": 0, "axis": "y", "origin": [8, 6, 8]},
			"faces": {
				"north": {"uv": [13, 9, 15, 11], "texture": "#1"},
				"east": {"uv": [13, 9, 15, 11], "texture": "#1"},
				"south": {"uv": [11, 9, 13, 11], "texture": "#1"},
				"west": {"uv": [11, 9, 13, 11], "texture": "#1"},
				"up": {"uv": [13, 9, 15, 11], "texture": "#1"},
				"down": {"uv": [13, 9, 15, 11], "texture": "#1"}
			}
		},
		{
			"from": [6, 3, 3.5],
			"to": [7, 4, 4],
			"rotation": {"angle": 0, "axis": "y", "origin": [8, 6, 8]},
			"faces": {
				"north": {"uv": [13, 9, 15, 11], "texture": "#1"},
				"east": {"uv": [13, 9, 15, 11], "texture": "#1"},
				"south": {"uv": [11, 9, 13, 11], "texture": "#1"},
				"west": {"uv": [13, 9, 15, 11], "texture": "#1"},
				"up": {"uv": [13, 9, 15, 11], "texture": "#1"},
				"down": {"uv": [13, 9, 15, 11], "texture": "#1"}
			}
		},
		{
			"from": [7, 9, 3.5],
			"to": [9, 10, 4],
			"rotation": {"angle": 0, "axis": "y", "origin": [8, 6, 8]},
			"faces": {
				"north": {"uv": [4, 4, 6, 5], "texture": "#1"},
				"east": {"uv": [13, 9, 15, 11], "texture": "#1"},
				"south": {"uv": [11, 9, 13, 11], "texture": "#1"},
				"west": {"uv": [13, 7, 15, 9], "texture": "#1"},
				"up": {"uv": [6, 4, 4, 5], "texture": "#1"},
				"down": {"uv": [6, 4, 4, 5], "texture": "#1"}
			}
		},
		{
			"from": [10, 6, 3.5],
			"to": [11, 8, 4],
			"rotation": {"angle": 0, "axis": "y", "origin": [8, 6, 8]},
			"faces": {
				"north": {"uv": [2, 6, 3, 8], "texture": "#1"},
				"east": {"uv": [2, 6, 3, 8], "texture": "#1"},
				"south": {"uv": [11, 9, 13, 11], "texture": "#1"},
				"west": {"uv": [2, 6, 3, 8], "texture": "#1"},
				"up": {"uv": [13, 9, 15, 11], "texture": "#1"},
				"down": {"uv": [13, 7, 15, 9], "texture": "#1"}
			}
		},
		{
			"from": [7, 5, 3.5],
			"to": [10, 6, 4],
			"rotation": {"angle": 0, "axis": "y", "origin": [8, 6, 8]},
			"faces": {
				"north": {"uv": [3, 8, 6, 9], "texture": "#1"},
				"east": {"uv": [13, 5, 15, 7], "texture": "#1"},
				"south": {"uv": [11, 9, 13, 11], "texture": "#1"},
				"west": {"uv": [13, 9, 15, 11], "texture": "#1"},
				"up": {"uv": [6, 8, 3, 9], "texture": "#1"},
				"down": {"uv": [6, 8, 3, 9], "texture": "#1"}
			}
		},
		{
			"from": [6, 6, 3.5],
			"to": [7, 9, 4],
			"rotation": {"angle": 0, "axis": "y", "origin": [8, 6, 8]},
			"faces": {
				"north": {"uv": [6, 5, 7, 8], "texture": "#1"},
				"east": {"uv": [6, 5, 7, 8], "texture": "#1"},
				"south": {"uv": [11, 9, 13, 11], "texture": "#1"},
				"west": {"uv": [6, 5, 7, 8], "texture": "#1"},
				"up": {"uv": [13, 5, 15, 7], "texture": "#1"},
				"down": {"uv": [13, 9, 15, 11], "texture": "#1"}
			}
		},
		{
			"from": [2, -2, 5],
			"to": [3, 4, 11],
			"rotation": {"angle": 0, "axis": "y", "origin": [8, 2, 8]},
			"faces": {
				"north": {"uv": [5, 7, 6, 13], "texture": "#2"},
				"east": {"uv": [1, 7, 7, 13], "texture": "#2"},
				"south": {"uv": [5, 7, 6, 13], "texture": "#2"},
				"west": {"uv": [1, 7, 7, 13], "texture": "#2"},
				"up": {"uv": [1, 7, 2, 13], "texture": "#2"},
				"down": {"uv": [11, 9, 13, 11], "texture": "#2"}
			}
		},
		{
			"from": [2, 10, 5],
			"to": [3, 16, 11],
			"rotation": {"angle": 0, "axis": "y", "origin": [8, 1, 8]},
			"faces": {
				"north": {"uv": [5, 7, 6, 13], "texture": "#2"},
				"east": {"uv": [1, 7, 7, 13], "texture": "#2"},
				"south": {"uv": [5, 7, 6, 13], "texture": "#2"},
				"west": {"uv": [1, 7, 7, 13], "texture": "#2"},
				"up": {"uv": [1, 7, 2, 13], "texture": "#2"},
				"down": {"uv": [1, 7, 2, 13], "texture": "#2"}
			}
		},
		{
			"from": [1, 2, 5],
			"to": [2, 3, 11],
			"rotation": {"angle": 0, "axis": "y", "origin": [8, 2, 8]},
			"faces": {
				"north": {"uv": [11, 7, 13, 9], "texture": "#2"},
				"east": {"uv": [0, 0, 6, 1], "texture": "#missing"},
				"south": {"uv": [11, 7, 13, 9], "texture": "#2"},
				"west": {"uv": [1, 7, 7, 8], "texture": "#2"},
				"up": {"uv": [1, 7, 2, 13], "texture": "#2"},
				"down": {"uv": [1, 7, 2, 13], "texture": "#2"}
			}
		},
		{
			"from": [14, 2, 5],
			"to": [15, 3, 11],
			"rotation": {"angle": 0, "axis": "y", "origin": [8, 2, 8]},
			"faces": {
				"north": {"uv": [11, 7, 13, 9], "texture": "#2"},
				"east": {"uv": [1, 7, 7, 8], "texture": "#2"},
				"south": {"uv": [11, 7, 13, 9], "texture": "#2"},
				"west": {"uv": [0, 0, 6, 1], "texture": "#missing"},
				"up": {"uv": [1, 7, 2, 13], "texture": "#2"},
				"down": {"uv": [1, 7, 2, 13], "texture": "#2"}
			}
		},
		{
			"from": [13, -2, 5],
			"to": [14, 4, 11],
			"rotation": {"angle": 0, "axis": "y", "origin": [8, 2, 8]},
			"faces": {
				"north": {"uv": [5, 7, 6, 13], "texture": "#2"},
				"east": {"uv": [1, 7, 7, 13], "texture": "#2"},
				"south": {"uv": [5, 7, 6, 13], "texture": "#2"},
				"west": {"uv": [1, 7, 7, 13], "texture": "#2"},
				"up": {"uv": [1, 7, 2, 13], "texture": "#2"},
				"down": {"uv": [11, 9, 13, 11], "texture": "#2"}
			}
		},
		{
			"from": [13, 10, 5],
			"to": [14, 16, 11],
			"rotation": {"angle": 0, "axis": "y", "origin": [8, 1, 8]},
			"faces": {
				"north": {"uv": [5, 7, 6, 13], "texture": "#2"},
				"east": {"uv": [1, 7, 7, 13], "texture": "#2"},
				"south": {"uv": [5, 7, 6, 13], "texture": "#2"},
				"west": {"uv": [1, 7, 7, 13], "texture": "#2"},
				"up": {"uv": [1, 7, 2, 13], "texture": "#2"},
				"down": {"uv": [1, 7, 2, 13], "texture": "#2"}
			}
		},
		{
			"from": [12, 14, 5],
			"to": [13, 17, 11],
			"rotation": {"angle": 0, "axis": "y", "origin": [8, 1, 8]},
			"faces": {
				"north": {"uv": [5, 7, 6, 10], "texture": "#2"},
				"east": {"uv": [1, 7, 7, 10], "texture": "#2"},
				"south": {"uv": [5, 7, 6, 10], "texture": "#2"},
				"west": {"uv": [1, 7, 7, 10], "texture": "#2"},
				"up": {"uv": [1, 7, 2, 13], "texture": "#2"},
				"down": {"uv": [1, 7, 2, 13], "texture": "#2"}
			}
		},
		{
			"from": [11, 16, 5],
			"to": [12, 17, 11],
			"rotation": {"angle": 0, "axis": "y", "origin": [8, 1, 8]},
			"faces": {
				"north": {"uv": [5, 7, 6, 8], "texture": "#2"},
				"east": {"uv": [1, 7, 7, 10], "texture": "#2"},
				"south": {"uv": [5, 7, 6, 8], "texture": "#2"},
				"west": {"uv": [1, 7, 7, 8], "texture": "#2"},
				"up": {"uv": [3, 7, 4, 13], "texture": "#2"},
				"down": {"uv": [1, 7, 2, 13], "texture": "#2"}
			}
		},
		{
			"from": [4, 16, 5],
			"to": [5, 17, 11],
			"rotation": {"angle": 0, "axis": "y", "origin": [8, 1, 8]},
			"faces": {
				"north": {"uv": [5, 7, 6, 8], "texture": "#2"},
				"east": {"uv": [1, 7, 7, 10], "texture": "#2"},
				"south": {"uv": [5, 7, 6, 8], "texture": "#2"},
				"west": {"uv": [1, 7, 7, 8], "texture": "#2"},
				"up": {"uv": [3, 7, 4, 13], "texture": "#2"},
				"down": {"uv": [1, 7, 2, 13], "texture": "#2"}
			}
		},
		{
			"from": [3, 14, 5],
			"to": [4, 17, 11],
			"rotation": {"angle": 0, "axis": "y", "origin": [8, 1, 8]},
			"faces": {
				"north": {"uv": [5, 7, 6, 10], "texture": "#2"},
				"east": {"uv": [1, 7, 7, 10], "texture": "#2"},
				"south": {"uv": [5, 7, 6, 10], "texture": "#2"},
				"west": {"uv": [1, 7, 7, 10], "texture": "#2"},
				"up": {"uv": [1, 7, 2, 13], "texture": "#2"},
				"down": {"uv": [1, 7, 2, 13], "texture": "#2"}
			}
		},
		{
			"from": [1, 11, 5],
			"to": [2, 14, 11],
			"rotation": {"angle": 0, "axis": "y", "origin": [8, 1, 8]},
			"faces": {
				"north": {"uv": [5, 7, 6, 10], "texture": "#2"},
				"east": {"uv": [1, 7, 7, 10], "texture": "#2"},
				"south": {"uv": [5, 7, 6, 10], "texture": "#2"},
				"west": {"uv": [1, 7, 7, 10], "texture": "#2"},
				"up": {"uv": [1, 7, 2, 13], "texture": "#2"},
				"down": {"uv": [1, 7, 2, 13], "texture": "#2"}
			}
		},
		{
			"from": [14, 11, 5],
			"to": [15, 14, 11],
			"rotation": {"angle": 0, "axis": "y", "origin": [8, 1, 8]},
			"faces": {
				"north": {"uv": [5, 7, 6, 10], "texture": "#2"},
				"east": {"uv": [1, 7, 7, 10], "texture": "#2"},
				"south": {"uv": [5, 7, 6, 10], "texture": "#2"},
				"west": {"uv": [1, 7, 7, 10], "texture": "#2"},
				"up": {"uv": [1, 7, 2, 13], "texture": "#2"},
				"down": {"uv": [1, 7, 2, 13], "texture": "#2"}
			}
		}
	]
}