{
    "variants": {
        "age=0": { "model": "trewrite:block/corruption_plants/flower0" },
		"age=1": { "model": "trewrite:block/corruption_plants/flower1" },
		"age=2": { "model": "trewrite:block/corruption_plants/flower2" },
		"age=3": { "model": "trewrite:block/corruption_plants/flower3" },
		"age=4": { "model": "trewrite:block/corruption_plants/flower4" },
		"age=5": { "model": "trewrite:block/corruption_plants/flower5" },
		"age=6": { "model": "trewrite:block/corruption_plants/flower6" },
		"age=7": { "model": "trewrite:block/corruption_plants/flower7" },
		"age=8": { "model": "trewrite:block/corruption_plants/flower8" },
		"age=9": { "model": "trewrite:block/corruption_plants/flower9" },
		"age=10": { "model": "trewrite:block/corruption_plants/flower10" },
		"age=11": { "model": "trewrite:block/corruption_plants/flower11" },
		"age=12": { "model": "trewrite:block/corruption_plants/flower12" },
		"age=13": { "model": "trewrite:block/corruption_plants/flower13" },
		"age=14": { "model": "trewrite:block/corruption_plants/flower14" },
		"age=15": { "model": "trewrite:block/corruption_plants/flower15" },
		"age=16": { "model": "trewrite:block/corruption_plants/flower16" },
		"age=17": { "model": "trewrite:block/corruption_plants/flower17" }
    }
}
