{
    "variants": {
        "age=0": { "model": "trewrite:block/plants/flower0" },
		"age=1": { "model": "trewrite:block/plants/flower1" },
		"age=2": { "model": "trewrite:block/plants/flower2" },
		"age=3": { "model": "trewrite:block/plants/flower3" },
		"age=4": { "model": "trewrite:block/plants/flower4" },
		"age=5": { "model": "trewrite:block/plants/flower5" },
		"age=6": { "model": "trewrite:block/plants/flower6" },
		"age=7": { "model": "trewrite:block/plants/flower7" },
		"age=8": { "model": "trewrite:block/plants/flower8" },
		"age=9": { "model": "trewrite:block/plants/flower9" },
		"age=10": { "model": "trewrite:block/plants/flower10" },
		"age=11": { "model": "trewrite:block/plants/flower11" },
		"age=12": { "model": "trewrite:block/plants/flower12" },
		"age=13": { "model": "trewrite:block/plants/flower13" },
		"age=14": { "model": "trewrite:block/plants/flower14" },
		"age=15": { "model": "trewrite:block/plants/flower15" },
		"age=16": { "model": "trewrite:block/plants/flower16" },
		"age=17": { "model": "trewrite:block/plants/flower17" },
		"age=18": { "model": "trewrite:block/plants/flower18" },
		"age=19": { "model": "trewrite:block/plants/flower19" },
		"age=20": { "model": "trewrite:block/plants/flower20" }
    }
}
