{
	"credit": "Made with Blockbench",
	"textures": {
		"0": "trewrite:block/trees/corrupt_log",
		"1": "trewrite:block/trees/corrupt_log_top",
		"2": "trewrite:block/trees/corrupt_leaves",
		"particle": "trewrite:block/trees/corrupt_log"
	},
	"elements": [
		{
			"from": [4, 0, 4],
			"to": [12, 16, 12],
			"faces": {
				"north": {"uv": [4, 0, 12, 16], "texture": "#0"},
				"east": {"uv": [4, 0, 12, 16], "texture": "#0"},
				"south": {"uv": [4, 0, 12, 16], "texture": "#0"},
				"west": {"uv": [4, 0, 12, 16], "texture": "#0"},
				"up": {"uv": [4, 4, 12, 12], "texture": "#1"},
				"down": {"uv": [4, 4, 12, 12], "texture": "#1"}
			}
		},
		{
			"from": [7, 8, 11],
			"to": [9, 10, 20],
			"rotation": {"angle": -22.5, "axis": "x", "origin": [6.5, 2.5, 14.5]},
			"faces": {
				"north": {"uv": [4, 4, 12, 12], "rotation": 180, "texture": "#1"},
				"east": {"uv": [4, 0, 6, 16], "rotation": 90, "texture": "#0"},
				"south": {"uv": [4, 4, 12, 12], "texture": "#1"},
				"west": {"uv": [4, 0, 6, 16], "rotation": 270, "texture": "#0"},
				"up": {"uv": [10, 0, 12, 16], "texture": "#0"},
				"down": {"uv": [10, 0, 12, 16], "rotation": 180, "texture": "#0"}
			}
		},
		{
			"from": [8, 7, 13],
			"to": [8, 15, 21],
			"rotation": {"angle": -45, "axis": "z", "origin": [8, 11, 17]},
			"faces": {
				"north": {"uv": [0, 0, 0, 8], "texture": "#missing"},
				"east": {"uv": [8, 8, 16, 16], "texture": "#2"},
				"south": {"uv": [0, 0, 0, 8], "texture": "#missing"},
				"west": {"uv": [0, 0, 8, 8], "texture": "#2"},
				"up": {"uv": [0, 0, 0, 8], "texture": "#missing"},
				"down": {"uv": [0, 0, 0, 8], "texture": "#missing"}
			}
		},
		{
			"from": [4, 11, 13],
			"to": [12, 11, 21],
			"rotation": {"angle": -45, "axis": "z", "origin": [8, 11, 17]},
			"faces": {
				"north": {"uv": [0, 0, 0, 8], "rotation": 90, "texture": "#missing"},
				"east": {"uv": [0, 0, 0, 8], "rotation": 270, "texture": "#missing"},
				"south": {"uv": [0, 0, 0, 8], "rotation": 270, "texture": "#missing"},
				"west": {"uv": [0, 0, 0, 8], "rotation": 270, "texture": "#missing"},
				"up": {"uv": [8, 8, 16, 16], "rotation": 270, "texture": "#2"},
				"down": {"uv": [0, 0, 8, 8], "rotation": 270, "texture": "#2"}
			}
		},
		{
			"from": [4, 7, 17],
			"to": [12, 15, 17],
			"rotation": {"angle": 45, "axis": "x", "origin": [8, 11, 17]},
			"faces": {
				"north": {"uv": [0, 0, 8, 8], "texture": "#2"},
				"east": {"uv": [0, 0, 0, 8], "texture": "#missing"},
				"south": {"uv": [8, 8, 16, 16], "texture": "#2"},
				"west": {"uv": [0, 0, 0, 8], "texture": "#missing"},
				"up": {"uv": [0, 0, 0, 8], "rotation": 90, "texture": "#missing"},
				"down": {"uv": [0, 0, 0, 8], "rotation": 270, "texture": "#missing"}
			}
		},
		{
			"from": [4, 7, 17],
			"to": [12, 15, 17],
			"rotation": {"angle": -45, "axis": "x", "origin": [8, 11, 17]},
			"faces": {
				"north": {"uv": [0, 0, 8, 8], "texture": "#2"},
				"east": {"uv": [0, 0, 0, 8], "texture": "#missing"},
				"south": {"uv": [8, 8, 16, 16], "texture": "#2"},
				"west": {"uv": [0, 0, 0, 8], "texture": "#missing"},
				"up": {"uv": [0, 0, 0, 8], "rotation": 90, "texture": "#missing"},
				"down": {"uv": [0, 0, 0, 8], "rotation": 270, "texture": "#missing"}
			}
		}
	]
}