{
	"credit": "Made with Blockbench",
	"textures": {
		"0": "trewrite:block/trees/crimson_log",
		"1": "trewrite:block/trees/crimson_log_top",
		"particle": "trewrite:block/trees/crimson_log"
	},
	"elements": [
		{
			"from": [4, 0, 4],
			"to": [12, 16, 12],
			"faces": {
				"north": {"uv": [4, 0, 12, 16], "texture": "#0"},
				"east": {"uv": [4, 0, 12, 16], "texture": "#0"},
				"south": {"uv": [4, 0, 12, 16], "texture": "#0"},
				"west": {"uv": [4, 0, 12, 16], "texture": "#0"},
				"up": {"uv": [4, 4, 12, 12], "texture": "#1"},
				"down": {"uv": [4, 4, 12, 12], "texture": "#1"}
			}
		},
		{
			"from": [5, -3, 9],
			"to": [11, 3, 18],
			"rotation": {"angle": 45, "axis": "x", "origin": [6.5, 2.5, 14.5]},
			"faces": {
				"north": {"uv": [4, 4, 12, 12], "rotation": 180, "texture": "#1"},
				"east": {"uv": [4, 0, 12, 16], "rotation": 90, "texture": "#0"},
				"south": {"uv": [4, 4, 12, 12], "texture": "#1"},
				"west": {"uv": [4, 0, 12, 16], "rotation": 270, "texture": "#0"},
				"up": {"uv": [4, 0, 12, 16], "texture": "#0"},
				"down": {"uv": [4, 0, 12, 16], "rotation": 180, "texture": "#0"}
			}
		},
		{
			"from": [3, -4, 5],
			"to": [9, 5, 11],
			"rotation": {"angle": -45, "axis": "z", "origin": [6.5, 2.5, 14.5]},
			"faces": {
				"north": {"uv": [4, 0, 12, 16], "texture": "#0"},
				"east": {"uv": [4, 0, 12, 16], "texture": "#0"},
				"south": {"uv": [4, 0, 12, 16], "texture": "#0"},
				"west": {"uv": [4, 0, 12, 16], "texture": "#0"},
				"up": {"uv": [4, 4, 12, 12], "texture": "#1"},
				"down": {"uv": [4, 4, 12, 12], "texture": "#1"}
			}
		},
		{
			"from": [5, -10, 5],
			"to": [11, -1, 11],
			"rotation": {"angle": 45, "axis": "x", "origin": [6.5, 2.5, 14.5]},
			"faces": {
				"north": {"uv": [4, 0, 12, 16], "texture": "#0"},
				"east": {"uv": [4, 0, 12, 16], "texture": "#0"},
				"south": {"uv": [4, 0, 12, 16], "texture": "#0"},
				"west": {"uv": [4, 0, 12, 16], "texture": "#0"},
				"up": {"uv": [4, 4, 12, 12], "texture": "#1"},
				"down": {"uv": [4, 4, 12, 12], "texture": "#1"}
			}
		},
		{
			"from": [6, -6, 5],
			"to": [12, 3, 11],
			"rotation": {"angle": 45, "axis": "z", "origin": [6.5, 2.5, 14.5]},
			"faces": {
				"north": {"uv": [4, 0, 12, 16], "texture": "#0"},
				"east": {"uv": [4, 0, 12, 16], "texture": "#0"},
				"south": {"uv": [4, 0, 12, 16], "texture": "#0"},
				"west": {"uv": [4, 0, 12, 16], "texture": "#0"},
				"up": {"uv": [4, 4, 12, 12], "texture": "#1"},
				"down": {"uv": [4, 4, 12, 12], "texture": "#1"}
			}
		}
	]
}