{
	"credit": "Made with Blockbench",
	"textures": {
		"0": "trewrite:block/sinks/obsidian",
		"particle": "trewrite:block/sinks/obsidian"
	},
	"elements": [
		{
			"from": [7, 16, 10.8],
			"to": [9, 27, 11.8],
			"faces": {
				"north": {"uv": [3, 8, 4, 12.5], "texture": "#0"},
				"east": {"uv": [3, 8, 3.5, 12.5], "texture": "#0"},
				"south": {"uv": [3, 8, 4, 12.5], "texture": "#0"},
				"west": {"uv": [3, 8, 3.5, 12.5], "texture": "#0"},
				"up": {"uv": [3, 11.5, 4, 12], "texture": "#0"},
				"down": {"uv": [0, 0, 10, 0], "rotation": 180, "texture": "#missing"}
			}
		},
		{
			"from": [7.1, 23, 13.9],
			"to": [8.9, 24, 17.9],
			"rotation": {"angle": -22.5, "axis": "x", "origin": [8, 8, 8]},
			"faces": {
				"north": {"uv": [3, 11.5, 4, 12], "texture": "#0"},
				"east": {"uv": [3, 10.5, 3.5, 12.5], "rotation": 90, "texture": "#0"},
				"south": {"uv": [3, 11.5, 4, 12], "texture": "#0"},
				"west": {"uv": [3, 10.5, 3.5, 12.5], "rotation": 90, "texture": "#0"},
				"up": {"uv": [3, 10.5, 4, 12.5], "texture": "#0"},
				"down": {"uv": [3, 10.5, 4, 12.5], "texture": "#0"}
			}
		},
		{
			"from": [10, 0, 4],
			"to": [10, 16, 12],
			"faces": {
				"north": {"uv": [0, 0, 0, 16], "texture": "#0"},
				"east": {"uv": [1.5, 8, 5.5, 16], "texture": "#0"},
				"south": {"uv": [0, 0, 0, 16], "texture": "#missing"},
				"west": {"uv": [1, 8, 6, 16], "texture": "#0"},
				"up": {"uv": [0, 0, 10, 0], "rotation": 90, "texture": "#missing"},
				"down": {"uv": [0, 0, 10, 0], "rotation": 270, "texture": "#missing"}
			}
		},
		{
			"from": [6, 0, 4],
			"to": [6, 16, 12],
			"faces": {
				"north": {"uv": [0, 0, 0, 16], "texture": "#missing"},
				"east": {"uv": [1, 8, 6, 16], "texture": "#0"},
				"south": {"uv": [0, 0, 0, 16], "texture": "#0"},
				"west": {"uv": [1.5, 8, 5.5, 16], "texture": "#0"},
				"up": {"uv": [0, 0, 10, 0], "rotation": 270, "texture": "#missing"},
				"down": {"uv": [0, 0, 10, 0], "rotation": 90, "texture": "#missing"}
			}
		},
		{
			"from": [4, 0, 10],
			"to": [12, 16, 10],
			"faces": {
				"north": {"uv": [1, 8, 6, 16], "texture": "#0"},
				"east": {"uv": [0, 0, 0, 16], "texture": "#0"},
				"south": {"uv": [1.5, 8, 5.5, 16], "texture": "#0"},
				"west": {"uv": [0, 0, 0, 16], "texture": "#missing"},
				"up": {"uv": [0, 0, 10, 0], "rotation": 180, "texture": "#missing"},
				"down": {"uv": [0, 0, 10, 0], "rotation": 180, "texture": "#missing"}
			}
		},
		{
			"from": [4, 0, 6],
			"to": [12, 16, 6],
			"faces": {
				"north": {"uv": [1.5, 8, 5.5, 16], "texture": "#0"},
				"east": {"uv": [0, 0, 0, 16], "texture": "#missing"},
				"south": {"uv": [1, 8, 6, 16], "texture": "#0"},
				"west": {"uv": [0, 0, 0, 16], "texture": "#0"},
				"up": {"uv": [0, 0, 10, 0], "texture": "#missing"},
				"down": {"uv": [0, 0, 10, 0], "texture": "#missing"}
			}
		},
		{
			"from": [4, 15, 4],
			"to": [12, 25, 4],
			"rotation": {"angle": 0, "axis": "y", "origin": [8, 7, 8]},
			"faces": {
				"north": {"uv": [10, 11, 14, 16], "texture": "#0"},
				"east": {"uv": [0, 0, 1, 10], "texture": "#missing"},
				"south": {"uv": [10, 11, 14, 16], "texture": "#0"},
				"west": {"uv": [0, 0, 1, 10], "texture": "#missing"},
				"up": {"uv": [0, 0, 16, 1], "texture": "#missing"},
				"down": {"uv": [0, 0, 16, 1], "texture": "#missing"}
			}
		},
		{
			"from": [4, 15, 4],
			"to": [4, 25, 12],
			"rotation": {"angle": 0, "axis": "y", "origin": [8, 7, 8]},
			"faces": {
				"north": {"uv": [0, 0, 1, 10], "texture": "#missing"},
				"east": {"uv": [10, 11, 14, 16], "texture": "#0"},
				"south": {"uv": [0, 0, 1, 10], "texture": "#missing"},
				"west": {"uv": [10, 11, 14, 16], "texture": "#0"},
				"up": {"uv": [0, 0, 16, 1], "rotation": 270, "texture": "#missing"},
				"down": {"uv": [0, 0, 16, 1], "rotation": 90, "texture": "#missing"}
			}
		},
		{
			"from": [4, 15, 12],
			"to": [12, 25, 12],
			"rotation": {"angle": 0, "axis": "y", "origin": [8, 7, 8]},
			"faces": {
				"north": {"uv": [10, 11, 14, 16], "texture": "#0"},
				"east": {"uv": [0, 0, 1, 10], "texture": "#missing"},
				"south": {"uv": [10, 11, 14, 16], "texture": "#0"},
				"west": {"uv": [0, 0, 1, 10], "texture": "#missing"},
				"up": {"uv": [0, 0, 16, 1], "rotation": 180, "texture": "#missing"},
				"down": {"uv": [0, 0, 16, 1], "rotation": 180, "texture": "#missing"}
			}
		},
		{
			"from": [-0.7, 15, 8],
			"to": [2.3, 25, 8],
			"rotation": {"angle": 45, "axis": "y", "origin": [8, 7, 8]},
			"faces": {
				"north": {"uv": [10, 11, 8, 16], "texture": "#0"},
				"east": {"uv": [0, 0, 1, 10], "texture": "#missing"},
				"south": {"uv": [8, 11, 10, 16], "texture": "#0"},
				"west": {"uv": [0, 0, 1, 10], "texture": "#missing"},
				"up": {"uv": [0, 0, 16, 1], "rotation": 180, "texture": "#missing"},
				"down": {"uv": [0, 0, 16, 1], "rotation": 180, "texture": "#missing"}
			}
		},
		{
			"from": [8, 15, 13.7],
			"to": [8, 25, 16.7],
			"rotation": {"angle": 45, "axis": "y", "origin": [8, 7, 8]},
			"faces": {
				"north": {"uv": [0, 0, 1, 10], "texture": "#missing"},
				"east": {"uv": [8, 11, 10, 16], "texture": "#0"},
				"south": {"uv": [0, 0, 1, 10], "texture": "#missing"},
				"west": {"uv": [10, 11, 8, 16], "texture": "#0"},
				"up": {"uv": [0, 0, 16, 1], "rotation": 90, "texture": "#missing"},
				"down": {"uv": [0, 0, 16, 1], "rotation": 270, "texture": "#missing"}
			}
		},
		{
			"from": [13.7, 15, 8],
			"to": [16.7, 25, 8],
			"rotation": {"angle": 45, "axis": "y", "origin": [8, 7, 8]},
			"faces": {
				"north": {"uv": [8, 11, 10, 16], "texture": "#0"},
				"east": {"uv": [0, 0, 1, 10], "texture": "#missing"},
				"south": {"uv": [10, 11, 8, 16], "texture": "#0"},
				"west": {"uv": [0, 0, 1, 10], "texture": "#missing"},
				"up": {"uv": [0, 0, 16, 1], "texture": "#missing"},
				"down": {"uv": [0, 0, 16, 1], "texture": "#missing"}
			}
		},
		{
			"from": [8, 15, -0.7],
			"to": [8, 25, 2.3],
			"rotation": {"angle": 45, "axis": "y", "origin": [8, 7, 8]},
			"faces": {
				"north": {"uv": [0, 0, 1, 10], "texture": "#missing"},
				"east": {"uv": [10, 11, 8, 16], "texture": "#0"},
				"south": {"uv": [0, 0, 1, 10], "texture": "#missing"},
				"west": {"uv": [8, 11, 10, 16], "texture": "#0"},
				"up": {"uv": [0, 0, 16, 1], "rotation": 270, "texture": "#missing"},
				"down": {"uv": [0, 0, 16, 1], "rotation": 90, "texture": "#missing"}
			}
		},
		{
			"from": [12, 15, 4],
			"to": [12, 25, 12],
			"rotation": {"angle": 0, "axis": "y", "origin": [8, 7, 8]},
			"faces": {
				"north": {"uv": [0, 0, 1, 10], "texture": "#missing"},
				"east": {"uv": [10, 11, 14, 16], "texture": "#0"},
				"south": {"uv": [0, 0, 1, 10], "texture": "#missing"},
				"west": {"uv": [10, 11, 14, 16], "texture": "#0"},
				"up": {"uv": [0, 0, 16, 1], "rotation": 90, "texture": "#missing"},
				"down": {"uv": [0, 0, 16, 1], "rotation": 270, "texture": "#missing"}
			}
		},
		{
			"from": [4, 16, 4],
			"to": [12, 16, 12],
			"rotation": {"angle": 0, "axis": "y", "origin": [8, 7, 8]},
			"faces": {
				"north": {"uv": [0, 0, 8, 0], "texture": "#missing"},
				"east": {"uv": [0, 0, 8, 0], "texture": "#missing"},
				"south": {"uv": [0, 0, 8, 0], "texture": "#missing"},
				"west": {"uv": [0, 0, 8, 0], "texture": "#missing"},
				"up": {"uv": [9.5, 1.5, 13.5, 5.5], "texture": "#0"},
				"down": {"uv": [9.5, 1.5, 13.5, 5.5], "texture": "#0"}
			}
		}
	]
}