{
	"credit": "Made with Blockbench",
	"textures": {
		"0": "trewrite:block/bathtubs/obsidian",
		"particle": "trewrite:block/bathtubs/obsidian"
	},
	"elements": [
		{
			"from": [14.1, 7, 6],
			"to": [14.1, 19, 14],
			"rotation": {"angle": 0, "axis": "y", "origin": [6, 8, 8]},
			"faces": {
				"north": {"uv": [0, 0, 0, 16], "texture": "#missing"},
				"east": {"uv": [7.5, 0, 11.5, 6], "texture": "#0"},
				"south": {"uv": [0, 0, 0, 16], "texture": "#missing"},
				"west": {"uv": [11.5, 0, 7.5, 6], "texture": "#0"},
				"up": {"uv": [0, 0, 0, 16], "rotation": 180, "texture": "#missing"},
				"down": {"uv": [0, 0, 0, 16], "rotation": 180, "texture": "#missing"}
			}
		},
		{
			"from": [2.9, 7, 6],
			"to": [2.9, 19, 14],
			"rotation": {"angle": 0, "axis": "y", "origin": [6, 8, 8]},
			"faces": {
				"north": {"uv": [0, 0, 0, 16], "texture": "#missing"},
				"east": {"uv": [7.5, 0, 11.5, 6], "texture": "#0"},
				"south": {"uv": [0, 0, 0, 16], "texture": "#missing"},
				"west": {"uv": [11.5, 0, 7.5, 6], "texture": "#0"},
				"up": {"uv": [0, 0, 0, 16], "rotation": 180, "texture": "#missing"},
				"down": {"uv": [0, 0, 0, 16], "rotation": 180, "texture": "#missing"}
			}
		},
		{
			"from": [15.2, 8, 1],
			"to": [15.2, 20, 9],
			"rotation": {"angle": -22.5, "axis": "z", "origin": [6, 8, 8]},
			"faces": {
				"north": {"uv": [0, 0, 0, 16], "texture": "#missing"},
				"east": {"uv": [12, 0, 16, 6], "texture": "#0"},
				"south": {"uv": [0, 0, 0, 16], "texture": "#missing"},
				"west": {"uv": [16, 0, 12, 6], "texture": "#0"},
				"up": {"uv": [0, 0, 0, 16], "rotation": 180, "texture": "#missing"},
				"down": {"uv": [0, 0, 0, 16], "rotation": 180, "texture": "#missing"}
			}
		},
		{
			"from": [1.8, 5.8, 1],
			"to": [1.8, 17.8, 9],
			"rotation": {"angle": 22.5, "axis": "z", "origin": [6, 8, 8]},
			"faces": {
				"north": {"uv": [0, 0, 0, 16], "texture": "#missing"},
				"east": {"uv": [12, 0, 16, 6], "texture": "#0"},
				"south": {"uv": [0, 0, 0, 16], "texture": "#missing"},
				"west": {"uv": [16, 0, 12, 6], "texture": "#0"},
				"up": {"uv": [0, 0, 0, 16], "rotation": 180, "texture": "#missing"},
				"down": {"uv": [0, 0, 0, 16], "rotation": 180, "texture": "#missing"}
			}
		},
		{
			"from": [14, 0, 0],
			"to": [14, 16, 16],
			"rotation": {"angle": 0, "axis": "y", "origin": [6, 8, 8]},
			"faces": {
				"north": {"uv": [0, 0, 0, 16], "texture": "#missing"},
				"east": {"uv": [0, 0, 7.5, 8], "texture": "#0"},
				"south": {"uv": [0, 0, 0, 16], "texture": "#missing"},
				"west": {"uv": [7.5, 0, 0, 8], "texture": "#0"},
				"up": {"uv": [0, 0, 0, 16], "rotation": 180, "texture": "#missing"},
				"down": {"uv": [0, 0, 0, 16], "rotation": 180, "texture": "#missing"}
			}
		},
		{
			"from": [3, 0, 0],
			"to": [3, 16, 16],
			"rotation": {"angle": 0, "axis": "y", "origin": [6, 8, 8]},
			"faces": {
				"north": {"uv": [0, 0, 0, 16], "texture": "#missing"},
				"east": {"uv": [0, 0, 7.5, 8], "texture": "#0"},
				"south": {"uv": [0, 0, 0, 16], "texture": "#missing"},
				"west": {"uv": [7.5, 0, 0, 8], "texture": "#0"},
				"up": {"uv": [0, 0, 0, 16], "rotation": 180, "texture": "#missing"},
				"down": {"uv": [0, 0, 0, 16], "rotation": 180, "texture": "#missing"}
			}
		},
		{
			"from": [3, 3, 3],
			"to": [14, 3, 16],
			"rotation": {"angle": 0, "axis": "y", "origin": [6, 8, 8]},
			"faces": {
				"north": {"uv": [0, 0, 11, 0], "texture": "#missing"},
				"east": {"uv": [0, 0, 13, 0], "texture": "#missing"},
				"south": {"uv": [0, 0, 11, 0], "texture": "#missing"},
				"west": {"uv": [0, 0, 13, 0], "texture": "#missing"},
				"up": {"uv": [9.5, 7.5, 15, 14], "rotation": 180, "texture": "#0"},
				"down": {"uv": [9.5, 7.5, 15, 14], "rotation": 180, "texture": "#0"}
			}
		},
		{
			"from": [3, 5, 1.5],
			"to": [14, 13, 1.5],
			"rotation": {"angle": -22.5, "axis": "x", "origin": [6, 8, 8]},
			"faces": {
				"north": {"uv": [9.5, 10.5, 15, 14.5], "texture": "#0"},
				"east": {"uv": [0, 0, 13, 0], "rotation": 270, "texture": "#missing"},
				"south": {"uv": [9.5, 7.5, 15, 14], "rotation": 180, "texture": "#0"},
				"west": {"uv": [0, 0, 13, 0], "rotation": 90, "texture": "#missing"},
				"up": {"uv": [0, 0, 11, 0], "rotation": 180, "texture": "#missing"},
				"down": {"uv": [0, 0, 11, 0], "texture": "#missing"}
			}
		}
	]
}